DATE;IPCA Variacao (%);IPCA Fator;IPCA Fator Acumulado;IPCA-15 Variacao (%);IPCA-15 Fator;IPCA-15 Fator Acumulado;IPC-Fipe Variacao (%);IPC-Fipe Fator;IPC-Fipe Fator Acumulado;INPC Variacao (%);INPC Fator;INPC Fator Acumulado;IGPM Variacao (%);IGPM Fator;IGPM Fator Acumulado;SELIC Variacao (%);SELIC Fator;SELIC Fator Acumulado;SELIC Fator Correção Legal
1994-01-01;41,31;1,4131;1,4131;;;;40,3;1,403;1,403;41,32;1,4132;1,4132;39,07;1,3907;1,3907;42,76;1,4276;1,4276;700,42
1994-02-01;40,2731583044371;1,402731583044371;1,9822000000000006;;;;38,19;1,3819;1,9388056999999999;40,57;1,4057;1,98653524;40,78;1,4078;1,95782746;41,99;1,4199;2,0270492399999998;658,43
1994-03-01;42,7504792654626;1,427504792654626;2,8296000000000006;;;;41,94;1,4194;2,75194081058;43,08;1,4308;2,842334621392;45,71;1,4571;2,8527503919660004;46,42;1,4642;2,9680054972079994;612,01
1994-04-01;42,6809443030817;1,426809443030817;4,0373;;;;46,22;1,4622;4,023887853230075;42,86;1,4285999999999999;4,060559240120611;40,91;1,4091;4,019810577319292;46,49;1,4649;4,347831252859999;565,52
1994-05-01;44,029425606222;1,44029425606222;5,8149000000000015;;;;45,1;1,451;5,83866127503684;42,73;1,4273;5,795636203424148;42,58;1,4258;5,731445921141845;47,95;1,4795;6,432616338606368;517,57
1994-06-01;47,4298784157939;1,4742987841579391;8,572900000000002;;;;50,75;1,5074999999999998;8,801781872118035;48,24;1,4824;8,591451107955956;45,21;1,4521;8,322632622090074;50,62;1,5062;9,688806729208912;466,95
1994-07-01;6,84015910602014;1,0684015910602014;9,159300000000004;;;;6,95;1,0695000000000001;9,41350571223024;7,75;1,0775;9,257288568822542;40,0;1,4;11,651685670926103;6,87;1,0687;10,354427751505563;460,08
1994-08-01;1,86040417935869;1,0186040417935869;9,329700000000004;;;;1,95;1,0195;9,59706907361873;1,85;1,0185;9,428548407345758;7,56;1,0756000000000001;12,532553107648118;4,17;1,0417;10,786207388743346;455,91
1994-09-01;1,5295239932688;1,015295239932688;9,472400000000004;;;;0,82;1,0082;9,675765040022403;1,4;1,014;9,560548085048598;1,75;1,0175;12,75187278703196;3,83;1,0383;11,199319131732215;452,08
1994-10-01;2,6202440775305;1,026202440775305;9,720600000000003;;;;3,17;1,0317;9,982486791791114;2,82;1,0282;9,830155541046969;1,82;1,0182;12,983956871755941;3,62;1,0362;11,604734484300922;448,46
1994-11-01;2,8094973561303;1,028094973561303;9,993700000000004;;;;3,02;1,0302;10,283957892903206;2,96;1,0296;10,12112814506196;2,85;1,0285;13,353999642600986;4,07;1,0407;12,077047177811968;444,39
1994-12-01;1,7100773487297;1,017100773487297;10,164600000000004;;;;1,25;1,0125;10,412507366564496;1,7;1,017;10,293187323528011;0,84;1,0084;13,466173239598833;3,8;1,038;12,535974970568823;440,59
1995-01-01;1,7000177085178;1,017000177085178;10,337400000000004;;;;0,8;1,008;10,495807425497011;1,44;1,0144;10,441409220986815;0,92;1,0092;13,590062033403143;3,37;1,0337;12,958437327076993;437,22
1995-02-01;1,01959873856095;1,0101959873856095;10,442800000000004;;;;1,32;1,0132;10,634352083513573;1,01;1,0101;10,546867454118782;1,39;1,0139;13,778963895667447;3,25;1,0325;13,379586540206995;433,97
1995-03-01;1,55035048071399;1,01550350480714;10,604700000000005;;;;1,92;1,0192;10,838531643517035;1,62;1,0162;10,717726706875506;1,12;1,0112;13,933288291298924;4,26;1,0426;13,949556926819813;429,71
1995-04-01;2,43;1,0243;10,862394210000005;;;;2,64;1,0264;11,124668878905885;2,49;1,0249;10,984598101876706;2,1;1,021;14,2258873454162;4,26;1,0426;14,543808051902337;425,45
1995-05-01;2,67;1,0267;11,152420135407004;;;;1,97;1,0197;11,343824855820332;2,1;1,021;11,215274662016116;0,58;1,0058;14,308397492019616;4,25;1,0425;15,161919894108186;421,2
1995-06-01;2,26;1,0226;11,404464830467202;;;;2,66;1,0266;11,645570596985152;2,18;1,0218;11,459767649648068;2,46;1,0246;14,660384070323298;4,04;1,0404;15,774461457830157;417,16
1995-07-01;2,36;1,0236;11,673610200466229;;;;3,72;1,0372;12,078785823192998;2,46;1,0246;11,74167793382941;1,82;1,0182;14,927203060403182;4,02;1,0402;16,40859480843493;413,14
1995-08-01;0,99;1,0099;11,789178941450844;;;;1,43;1,0143;12,251512460464658;1,02;1,0102;11,86144304875447;2,2;1,022;15,255601527732052;3,84;1,0384;17,03868484907883;409,3
1995-09-01;0,99;1,0099;11,905891812971207;;;;0,74;1,0074;12,342173652672098;1,17;1,0117;12,000221932424898;-0,71;0,9929;15,147286756885155;3,32;1,0332;17,604369186068247;405,98
1995-10-01;1,41;1,0141;12,073764887534102;;;;1,48;1,0148;12,524837822731644;1,4;1,014;12,168225039478846;0,52;1,0052;15,226052648020959;3,09;1,0309;18,148344193917755;402,89
1995-11-01;1,47;1,0147;12,251249231380852;;;;1,17;1,0117;12,671378425257606;1,51;1,0151;12,351965237574976;1,2;1,012;15,40876527979721;2,88;1,0288;18,671016506702586;400,01
1995-12-01;1,56;1,0156;12,442368719390394;;;;1,21;1,0121;12,824702104203222;1,65;1,0165;12,555772663994963;0,71;1,0071;15,518167513283771;2,78;1,0278;19,190070765588917;397,23
1996-01-01;1,34;1,0134;12,609096460230226;;;;1,82;1,0182;13,058111682499721;1,46;1,0146;12,739086944889289;1,73;1,0173;15,786631811263582;2,58;1,0258;19,685174591341113;394,65
1996-02-01;1,03;1,0103;12,738970153770598;;;;0,4;1,004;13,11034412922972;0,71;1,0071;12,829534462198005;0,97;1,0097;15,93976213983284;2,35;1,0235;20,14777619423763;392,3
1996-03-01;0,35;1,0035;12,783556549308797;;;;0,23;1,0023;13,140497920726947;0,29;1,0029;12,866740112138379;0,4;1,004;16,00352118839217;2,22;1,0222;20,595056825749705;390,08
1996-04-01;1,26;1,0126;12,944629361830087;;;;1,62;1,0162;13,353373987042723;0,93;1,0093;12,986400795181266;0,32;1,0032;16,054732456195026;2,07;1,0207;21,021374502042722;388,01
1996-05-01;1,22;1,0122;13,102553840044413;;;;1,34;1,0134;13,532309198469097;1,28;1,0128;13,152626725359585;1,55;1,0155;16,30358080926605;2,01;1,0201;21,44390412953378;386,0
1996-06-01;1,19;1,0119;13,258474230740942;;;;1,41;1,0141;13,723114758167512;1,33;1,0133;13,327556660806868;1,02;1,0102;16,469877333520564;1,98;1,0198;21,86849343129855;384,02
1996-07-01;1,11;1,0111;13,405643294702168;;;;1,31;1,0131000000000001;13,902887561499508;1,2;1,012;13,487487340736552;1,35;1,0135;16,692220677523093;1,93;1,0193;22,290555354522613;382,09
1996-08-01;0,44;1,0044;13,464628125198857;;;;0,34;1,0034;13,950157379208607;0,5;1,005;13,554924777440233;0,28;1,0028;16,738958895420154;1,97;1,0197;22,72967929500671;380,12
1996-09-01;0,15;1,0015;13,484825067386655;;;;0,07;1,0007;13,959922489374051;0,02;1,0002;13,557635762395721;0,1;1,001;16,75569785431557;1,9;1,019;23,16154320161184;378,22
1996-10-01;0,3;1,003;13,525279542588814;;;;0,5761;1,005761;14,040345602835334;0,38;1,0038;13,609154778292826;0,19;1,0019;16,78753368023877;1,86;1,0186;23,592347905161816;376,36
1996-11-01;0,32;1,0032;13,5685604371251;;;;0,3356;1,003356;14,087465002678448;0,34;1,0034;13,655425904539022;0,2;1,002;16,821108747599247;1,8;1,018;24,01701016745473;374,56
1996-12-01;0,47;1,0047;13,632332671179586;;;;0,1716;1,001716;14,111639092623044;0,33;1,0033;13,700488810024002;0,73;1,0073;16,943902841456723;1,8;1,018;24,449316350468912;372,76
1997-01-01;1,18;1,0118;13,793194196699506;;;;1,23;1,0123;14,285212253462307;0,81;1,0081;13,811462769385196;1,77;1,0177;17,243809921750508;1,73;1,0173;24,872289523332025;371,03
1997-02-01;0,5;1,005;13,862160167683003;;;;0,0144;1,000144;14,287269324026804;0,45;1,0045;13,87361435184743;0,43;1,0043;17,317958304414034;1,67;1,0167;25,287656758371668;369,36
1997-03-01;0,51;1,0051;13,932857184538188;;;;0,2104;1,002104;14,317329738684558;0,68;1,0068;13,96795492943999;1,15;1,0115;17,517114824914795;1,64;1,0164;25,70237432920896;367,72
1997-04-01;0,88;1,0088;14,055466327762122;;;;0,6389;1,006389;14,408803158385012;0,6;1,006;14,05176265901663;0,68;1,0068;17,636231205724215;1,66;1,0166;26,12903374307383;366,06
1997-05-01;0,41;1,0041;14,113093739705947;;;;0,5509;1,005509;14,488181254984555;0,11;1,0011;14,06721959794155;0,21;1,0021;17,673267291256234;1,58;1,0158;26,541872476214397;364,48
1997-06-01;0,54;1,0054;14,18930444590036;;;;1,42;1,0142;14,693913428805336;0,35;1,0035;14,116454866534346;0,74;1,0074;17,80404946921153;1,61;1,0161;26,969196623081448;362,87
1997-07-01;0,22;1,0022;14,220520915681341;;;;0,1138;1,001138;14,710635102287318;0,18;1,0018;14,141864485294107;0,09;1,0009;17,82007311373382;1,6;1,016;27,40070376905075;361,27
1997-08-01;-0,02;0,9998;14,217676811498205;;;;-0,7635;0,992365;14,598319403281355;-0,03;0,9997;14,137621925948519;0,09;1,0009;17,83611117953618;1,59;1,0159;27,83637495897866;359,68
1997-09-01;0,06;1,0006;14,226207417585103;;;;0,0114;1,000114;14,599983611693329;0,1;1,001;14,151759547874466;0,48;1,0048;17,92172451319795;1,59;1,0159;28,27897332082642;358,09
1997-10-01;0,23;1,0023;14,258927694645548;;;;0,221;1,00221;14,632249575475171;0,29;1,0029;14,1927996505633;0,37;1,0037;17,988034893896785;1,67;1,0167;28,75123217528422;356,42
1997-11-01;0,17;1,0017;14,283167871726446;;;;0,5262;1,005262;14,709244472741323;0,15;1,0015;14,214088850039145;0,64;1,0064;18,103158317217723;3,04;1,0304;29,62526963341286;353,38
1997-12-01;0,43;1,0043;14,34458549357487;;;;0,5669;1,005669;14,792631179657294;0,57;1,0057;14,295109156484369;0,84;1,0084;18,25522484708235;2,97;1,0297;30,505140141525224;350,41
1998-01-01;0,71;1,0071;14,446432050579253;;;;0,2395;1,002395;14,828059531332572;0,85;1,0085;14,416617584314485;0,96;1,0096;18,43047500561434;2,67;1,0267;31,319627383303946;347,74
1998-02-01;0,46;1,0046;14,512885638011916;;;;-0,1626;0,998374;14,803949106534626;0,54;1,0054;14,494467319269784;0,18;1,0018;18,463649860624447;2,13;1,0213;31,98673544656832;345,61
1998-03-01;0,34;1,0034;14,562229449181158;;;;-0,2284;0,997716;14,770136886775301;0,49;1,0049;14,565490209134206;0,19;1,0019;18,498730795359634;2,2;1,022;32,69044362639283;343,41
1998-04-01;0,24;1,0024;14,597178799859192;;;;0,6175;1,006175;14,861342482051139;0,45;1,0045;14,63103491507531;0,13;1,0013;18,522779145393603;1,71;1,0171;33,24945021240414;341,7
1998-05-01;0,5;1,005;14,670164693858487;;;;0,5244;1,005244;14,939275362027015;0,72;1,0072;14,736378366463853;0,14;1,0014;18,548711036197155;1,63;1,0163;33,79141625086633;340,07
1998-06-01;0,02;1,0002;14,673098726797258;;;;0,1867;1,001867;14,96716698912792;0,15;1,0015;14,75848293401355;0,38;1,0038;18,619196138134704;1,6;1,016;34,33207891088019;338,47
1998-07-01;-0,12;0,9988;14,655491008325102;;;;-0,772;0,99228;14,851620459971853;-0,28;0,9972;14,717159181798312;-0,17;0,9983;18,587543504699873;1,7;1,017;34,91572425236515;336,77
1998-08-01;-0,51;0,9949;14,580748004182643;;;;-1,0;0,99;14,703104255372134;-0,49;0,9951;14,6450451018075;-0,16;0,9984;18,557803435092353;1,48;1,0148;35,432476971300154;335,29
1998-09-01;-0,22;0,9978;14,548670358573442;;;;-0,6613;0,993387;14,605872626931358;-0,31;0,9969;14,599645461991898;-0,08;0,9992;18,54295719234428;2,49;1,0249;36,31474564788552;332,8
1998-10-01;0,02;1,0002;14,551580092645157;;;;0,02;1,0002;14,608793801456745;0,11;1,0011;14,61570507200009;0,08;1,0008;18,557791558098153;2,94;1,0294;37,38239916993336;329,86
1998-11-01;-0,12;0,9988;14,534118196533983;;;;-0,44;0,9956;14,544515108730335;-0,18;0,9982;14,589396802870489;-0,32;0,9968;18,49840662511224;2,63;1,0263;38,3655562681026;327,23
1998-12-01;0,33;1,0033;14,582080786582546;;;;-0,12;0,9988;14,52706169059986;0,42;1,0042;14,650672269442545;0,45;1,0045;18,58164945492524;2,4;1,024;39,28632961853707;324,83
1999-01-01;0,7;1,007;14,684155352088622;;;;0,4962;1,004962;14,599144970708615;0,65;1,0065;14,74590163919392;0,84;1,0084;18,73773531034661;2,18;1,0218;40,142771604221174;322,65
1999-02-01;1,05;1,0105;14,838338983285551;;;;1,41;1,0141;14,804992914795607;1,29;1,0129;14,93612377033952;3,61;1,0361;19,414167555050124;2,38;1,0238;41,09816956840164;320,27
1999-03-01;1,1;1,011;15,001560712101691;;;;0,56;1,0056;14,887900875118463;1,28;1,0128;15,127306154599864;2,83;1,0283;19,963588496858044;3,33;1,0333;42,46673861502941;316,94
1999-04-01;0,56;1,0056;15,08556945208946;;;;0,4669;1,004669;14,957412484304392;0,47;1,0047;15,198404493526482;0,71;1,0071;20,10532997518574;2,35;1,0235;43,46470697248261;314,59
1999-05-01;0,3;1,003;15,130826160445727;;;;-0,37;0,9963;14,902070058112464;0,05;1,0005;15,206003695773244;-0,29;0,9971;20,0470245182577;2,02;1,0202;44,34269405332676;312,57
1999-06-01;0,19;1,0019;15,159574730150574;;;;-0,08;0,9992;14,890148402065973;0,07;1,0007;15,216647898360284;0,36;1,0036;20,11919380652343;1,67;1,0167;45,08321704401732;310,9
1999-07-01;1,09;1,0109;15,324814094709215;;;;1,09;1,0109;15,05245101964849;0,74;1,0074;15,329251092808152;1,55;1,0155;20,431041310524545;1,66;1,0166;45,831598446948;309,24
1999-08-01;0,56;1,0056;15,410633053639588;;;;0,74;1,0074;15,163839157193891;0,55;1,0055;15,413561973818597;1,56;1,0156;20,74976555496873;1,57;1,0157;46,55115454256509;307,67
1999-09-01;0,31;1,0031;15,458406016105872;;;;0,91;1,0091;15,301830093524357;0,39;1,0039;15,47367486551649;1,45;1,0145;21,050637155515773;1,49;1,0149;47,2447667452493;306,18
1999-10-01;1,19;1,0119;15,642361047697532;;;;1,13;1,0113;15,474740773581184;0,96;1,0096;15,622222144225448;1,7;1,017;21,40849798715954;1,38;1,0138;47,89674452633374;304,8
1999-11-01;0,95;1,0095;15,79096347765066;;;;1,48;1,0148;15,703766937030185;0,94;1,0094;15,769071032381168;2,39;1,0239;21,92016108905265;1,39;1,0139;48,56250927524978;303,41
1999-12-01;0,6;1,006;15,885709258516565;;;;0,4902;1,004902;15,780746802555507;0,74;1,0074;15,88576215802079;1,81;1,0181;22,316916004764504;1,6;1,016;49,33950942365378;301,81
2000-01-01;0,62;1,0062;15,984200655919368;;;;0,5737;1,005737;15,87128094696177;0,61;1,0061;15,982665307184718;1,24;1,0124;22,593645763223584;1,46;1,0146;50,05986626123912;300,35
2000-02-01;0,13;1,0013;16,004980116772064;;;;-0,2251;0,997749;15,83555469355016;0,05;1,0005;15,99065663983831;0,35;1,0035;22,67272352339487;1,45;1,0145;50,78573432202709;298,9
2000-03-01;0,22;1,0022;16,04019107302896;;;;0,2284;1,002284;15,871723100470227;0,13;1,0013;16,0114444934701;0,15;1,0015;22,70673260867996;1,45;1,0145;51,52212746969648;297,45
2000-04-01;0,42;1,0042;16,10755987553568;;;;0,0948;1,000948;15,886769493969473;0,09;1,0009;16,025854793514224;0,23;1,0023;22,758958093679922;1,3;1,013;52,19191512680253;296,15
2000-05-01;0,01;1,0001;16,109170631523234;0,09;1,0009;1,0009;0,03;1,0003;15,891535524817662;-0,05;0,9995;16,017841866117468;0,31;1,0031;22,82951086377033;1,49;1,0149;52,96957466219188;294,66
2000-06-01;0,23;1,0023;16,14622172397574;0,08;1,0008;1,0017007199999999;0,1772;1,001772;15,919695325767641;0,3;1,003;16,06589539171582;0,85;1,0085;23,02356170611238;1,39;1,0139;53,70585174999635;293,27
2000-07-01;1,61;1,0161;16,40617589373175;0,78;1,0078;1,0095139856159998;1,3951;1,013951;16,141790995257427;1,39;1,0139;16,28921133766067;1,57;1,0157;23,385031624898343;1,31;1,0131000000000001;54,40939840792131;291,96
2000-08-01;1,31;1,0131000000000001;16,621096797939636;1,99;1,0199;1,0296033139297582;1,5508;1,015508;16,392117890011882;1,21;1,0121;16,486310794846364;2,39;1,0239;23,943933880733415;1,41;1,0141;55,176570925473;290,55
2000-09-01;0,23;1,0023;16,659325320574897;0,45;1,0045;1,034236528842442;0,2701;1,002701;16,436393000432805;0,43;1,0043;16,557201931264203;1,16;1,0116;24,221683513749923;1,22;1,0122;55,84972509076377;289,33
2000-10-01;0,14;1,0014;16,682648376023703;0,18;1,0018;1,0360981545943584;0,0133;1,000133;16,43857904070186;0,16;1,0016;16,583693454354226;0,38;1,0038;24,313725911102175;1,29;1,0129;56,57018654443462;288,04
2000-11-01;0,32;1,0032;16,73603285082698;0,17;1,0017;1,0378595214571689;-0,053;0,99947;16,42986659381029;0,29;1,0029;16,63178616537185;0,29;1,0029;24,38423571624437;1,22;1,0122;57,26034282027672;286,82
2000-12-01;0,59;1,0059;16,83477544464686;0,6;1,006;1,044086678585912;0,26;1,0026;16,472584246954195;0,55;1,0055;16,723260989281396;0,63;1,0063;24,537856401256708;1,2;1,012;57,94746693412004;285,62
2001-01-01;0,57;1,0057;16,930733664681345;0,63;1,0063;1,0506644246610033;0,3756;1,003756;16,534455273385756;0,77;1,0077;16,852030098898865;0,62;1,0062;24,689991110944497;1,27;1,0127;58,683399764183356;284,35
2001-02-01;0,46;1,0046;17,008615039538878;0,5;1,005;1,0559177467843082;0,1085;1,001085;16,55239515735738;0,49;1,0049;16,934605046383467;0,23;1,0023;24,746778090499667;1,02;1,0102;59,28197044177803;283,33
2001-03-01;0,38;1,0038;17,073247776689126;0,36;1,0036;1,0597190506727316;0,5085;1,005085;16,636564086732545;0,48;1,0048;17,015891150606105;0,56;1,0056;24,885360047806465;1,26;1,0126;60,02892326934443;282,07
2001-04-01;0,58;1,0058;17,172272613793922;0,5;1,005;1,0650176459260952;0,6097;1,006097;16,737997217969355;0,84;1,0084;17,158824636271195;1,0;1,01;25,13421364828453;1,19;1,0119;60,74326745624963;280,88
2001-05-01;0,41;1,0041;17,242678931510476;0,49;1,0049;1,070236232391133;0,1727;1,001727;16,76690373916479;0,57;1,0057;17,25662993669794;0,86;1,0086;25,350367885659775;1,34;1,0134;61,557227240163385;279,54
2001-06-01;0,52;1,0052;17,332340861954332;0,38;1,0038;1,0743031300742194;0,8523;1,008523;16,90980805973369;0,6;1,006;17,36016971631813;0,98;1,0098;25,59880149093924;1,27;1,0127;62,33900402611346;278,27
2001-07-01;1,33;1,0133;17,562860995418326;0,94;1,0094;1,084401579496917;1,2143;1,012143;17,115143859003037;1,11;1,0111;17,55286760016926;1,48;1,0148;25,97766375300514;1,5;1,015;63,27408908650515;276,77
2001-08-01;0,7;1,007;17,685801022386254;1,18;1,0118;1,0971975181349807;1,1527;1,011527;17,312430122265766;0,79;1,0079;17,6915352542106;1,38;1,0138;26,336155512796612;1,6;1,016;64,28647451188924;275,17
2001-09-01;0,28;1,0028;17,735321265248935;0,38;1,0038;1,1013668687038936;0,3239;1,003239;17,368505083431785;0,44;1,0044;17,769378009329124;0,31;1,0031;26,417797594886284;1,32;1,0132;65,13505597544618;273,85
2001-10-01;0,83;1,0083;17,8825244317505;0,37;1,0037;1,105441926118098;0,7426;1,007426;17,497483602181347;0,94;1,0094;17,93641016261682;1,18;1,0118;26,729527606505943;1,53;1,0153;66,13162233187052;272,32
2001-11-01;0,71;1,0071;18,00949035521593;0,99;1,0099;1,1163858011866672;0,6075;1,006075;17,6037808150646;1,29;1,0129;18,167789853714574;1,1;1,011;27,023552410177505;1,39;1,0139;67,05085188228352;270,93
2001-12-01;0,65;1,0065;18,126552042524832;0,55;1,0055;1,1225259230931939;0,2492;1,002492;17,64764943685574;0,74;1,0074;18,302231498632064;0,22;1,0022;27,083004225479893;1,39;1,0139;67,98285872344726;269,54
2002-01-01;0,52;1,0052;18,220810113145962;0,62;1,0062;1,1294855838163718;0,5711;1,005711;17,748435162789622;1,07;1,0107;18,498065375667426;0,36;1,0036;27,180503040691622;1,53;1,0153;69,02299646191601;268,01
2002-02-01;0,36;1,0036;18,28640502955329;0,44;1,0044;1,1344553203851637;0,2562;1,002562;17,79390665367669;0,31;1,0031;18,555409378331998;0,06;1,0006;27,196811342516035;1,25;1,0125;69,88578391768995;266,76
2002-03-01;0,6;1,006;18,39612345973061;0,4;1,004;1,1389931416667043;0,0673;1,000673;17,805881952854612;0,62;1,0062;18,670452916477657;0,09;1,0009;27,221288472724297;1,37;1,0137;70,8432191573623;265,39
2002-04-01;0,8;1,008;18,543292447408454;0,78;1,0078;1,1478772881717045;0,055;1,00055;17,815675187928683;0,68;1,0068;18,797411996309705;0,56;1,0056;27,373727688171552;1,48;1,0148;71,89169880089125;263,91
2002-05-01;0,21;1,0021;18,582233361548013;0,42;1,0042;1,1526983727820257;0,0552;1,000552;17,825509440632423;0,09;1,0009;18,81432966710638;0,83;1,0083;27,600929627983376;1,41;1,0141;72,90537175398381;262,5
2002-06-01;0,42;1,0042;18,660278741666513;0,33;1,0033;1,1565022774122065;0,306;1,00306;17,88005549952076;0,61;1,0061;18,92909707807573;1,54;1,0154;28,02598394425432;1,33;1,0133;73,8750131983118;261,17
2002-07-01;1,19;1,0119;18,882336058692346;0,77;1,0077;1,1654073449482805;0,6694;1,006694;17,999744591034553;1,15;1,0115;19,146781694473603;1,95;1,0195;28,572490631167284;1,54;1,0154;75,01268840156581;259,63
2002-08-01;0,65;1,0065;19,005071243073846;1,0;1,01;1,1770614183977632;1,0147;1,010147;18,18238799939978;0,86;1,0086;19,311444017046075;2,32;1,0232;29,235372413810367;1,44;1,0144;76,09287111454836;258,19
2002-09-01;0,72;1,0072;19,14190775602398;0,62;1,0062;1,1843591991918294;0,7634;1,007634;18,321192349387196;0,83;1,0083;19,471729002387555;2,4;1,024;29,937021351741816;1,38;1,0138;77,14295273592913;256,81
2002-10-01;1,31;1,0131000000000001;19,392666747627896;0,9;1,009;1,1950184319845558;1,2776;1,012776;18,555263902842967;1,57;1,0157;19,77743514772504;3,87;1,0387;31,095584078054223;1,65;1,0165;78,41581145607195;255,16
2002-11-01;3,02;1,0302;19,978325283406257;2,08;1,0208;1,2198748153698344;2,6489;1,026489;19,046774288365373;3,39;1,0339;20,44789019923292;5,19;1,0519;32,70944489170524;1,54;1,0154;79,62341495249547;253,62
2002-12-01;2,1;1,021;20,397870114357787;3,05;1,0305;1,2570809972386143;1,8275;1,018275;19,39485408848525;2,7;1,027;20,999983234612206;3,75;1,0375;33,93604907514419;1,74;1,0174;81,00886237266889;251,88
2003-01-01;2,25;1,0225;20,856822191930835;1,98;1,0198;1,281971200983939;2,1933;1,021933;19,820241423207996;2,47;1,0247;21,518682820507127;2,33;1,0233;34,726759018595054;1,97;1,0197;82,60473696141047;249,91
2003-02-01;1,57;1,0157;21,18427430034415;2,19;1,0219;1,3100463702854874;1,6126;1,016126;20,13986263639865;1,46;1,0146;21,83285558968653;2,28;1,0228;35,51852912421902;1,83;1,0183;84,11640364780428;248,08
2003-03-01;1,23;1,0123;21,444840874238384;1,14;1,0114;1,324980898906742;0,6714;1,006714;20,275081674139432;1,37;1,0137;22,131965711265238;1,53;1,0153;36,061962619819575;1,78;1,0178;85,6136756327352;246,3
2003-04-01;0,97;1,0097;21,652855830718497;1,14;1,0114;1,340085681154279;0,5701;1,005701;20,390669914763702;1,38;1,0138;22,4373868380807;0,92;1,0092;36,39373267592192;1,87;1,0187;87,21465136706733;244,43
2003-05-01;0,61;1,0061;21,78493825128588;0,85;1,0085;1,3514764094440903;0,3093;1,003093;20,453738256810066;0,99;1,0099;22,659516967777698;-0,26;0,9974;36,29910897096452;1,97;1,0197;88,93277999899857;242,46
2003-06-01;-0,15;0,9985;21,752260843908953;0,22;1,0022;1,3544496575448672;-0,1562;0,998438;20,42178951765293;-0,06;0,9994;22,64592125759703;-1,0;0,99;35,93611788125487;1,86;1,0186;90,58692970697994;240,6
2003-07-01;0,2;1,002;21,795765365596772;-0,18;0,9982;1,3520116481612865;-0,0819;0,999181;20,40506407203797;0,04;1,0004;22,65497962610007;-0,42;0,9958;35,7851861861536;2,08;1,0208;92,47113784488512;238,52
2003-08-01;0,34;1,0034;21,869870967839802;0,27;1,0027;1,355662079611322;0,6303;1,006303;20,533677190884024;0,18;1,0018;22,69575858942705;0,38;1,0038;35,92116989366099;1,77;1,0177;94,10787698473959;236,75
2003-09-01;0,78;1,0078;22,040455961388954;0,57;1,0057;1,3633893534651065;0,8404;1,008404;20,706242213996216;0,82;1,0082;22,881863809860352;1,18;1,0118;36,34503969840619;1,68;1,0168;95,68888931808321;235,07
2003-10-01;0,29;1,0029;22,10437328367698;0,66;1,0066;1,3723877231979762;0,6326;1,006326;20,83722990224196;0,39;1,0039;22,97110307871881;0,38;1,0038;36,483150849260134;1,64;1,0164;97,25818710289977;233,43
2003-11-01;0,34;1,0034;22,179528152841485;0,17;1,0017;1,3747207823274128;0,265;1,00265;20,8924485614829;0,37;1,0037;23,05609616011007;0,49;1,0049;36,661918288421504;1,34;1,0134;98,56144681007864;232,09
2003-12-01;0,52;1,0052;22,29486169923626;0,46;1,0046;1,3810444979261187;0,4249;1,004249;20,98122057542064;0,54;1,0054;23,180599079374666;0,61;1,0061;36,88555598998087;1,37;1,0137;99,91173863137672;230,72
2004-01-01;0,76;1,0076;22,464302648150458;0,68;1,0068;1,3904356005120162;0,647;1,00647;21,11696907254361;0,83;1,0083;23,372998051733475;0,88;1,0088;37,2101488826927;1,27;1,0127;101,1806177119952;229,45
2004-02-01;0,61;1,0061;22,601334894304177;0,9;1,009;1,4029495209166243;0,1858;1,001858;21,156204401080394;0,39;1,0039;23,464152744135237;0,69;1,0069;37,46689890998328;1,08;1,0108;102,27336838328473;228,37
2004-03-01;0,47;1,0047;22,707561168307404;0,4;1,004;1,4085613190002908;0,1185;1,001185;21,181274503295676;0,57;1,0057;23,597898414776807;1,13;1,0113;37,89027486766609;1,38;1,0138;103,68474086697407;226,99
2004-04-01;0,37;1,0037;22,79157914463014;0,21;1,0021;1,4115192977701914;0,2937;1,002937;21,243483906511855;0,41;1,0041;23,694649798277393;1,21;1,0121;38,348747193564854;1,18;1,0118;104,90822080920437;225,81
2004-05-01;0,51;1,0051;22,907816198267756;0,54;1,0054;1,4191415019781506;0,5715;1,005715;21,364890417037568;0,4;1,004;23,789428397470502;1,31;1,0131000000000001;38,85111578180056;1,23;1,0123;106,19859192515757;224,58
2004-06-01;0,71;1,0071;23,07046169327546;0,56;1,0056;1,4270886943892283;0,9249;1,009249;21,562494288504748;0,5;1,005;23,90837553945785;1,38;1,0138;39,38726117958941;1,23;1,0123;107,504834605837;223,35
2004-07-01;0,91;1,0091;23,28040289468427;0,93;1,0093;1,4403606192470482;0,5869;1,005869;21,68904456748398;0,73;1,0073;24,082906680895896;1,31;1,0131000000000001;39,90323430104203;1,29;1,0129;108,89164697225229;222,06
2004-08-01;0,69;1,0069;23,441037674657586;0,79;1,0079;1,4517394681390998;0,9891;1,009891;21,903570907300963;0,5;1,005;24,203321214300374;1,22;1,0122;40,39005375951474;1,29;1,0129;110,29634921819434;220,77
2004-09-01;0,33;1,0033;23,518393098983957;0,49;1,0049;1,4588529915329813;0,2109;1,002109;21,949765538344458;0,17;1,0017;24,244466860364685;0,69;1,0069;40,66874513045539;1,25;1,0125;111,67505358342176;219,52
2004-10-01;0,44;1,0044;23,621874028619484;0,32;1,0032;1,463521321105887;0,6237;1,006237;22,086666226007114;0,17;1,0017;24,285682454027306;0,39;1,0039;40,82735323646417;1,21;1,0121;113,02632173178117;218,31
2004-11-01;0,69;1,0069;23,784864959416957;0,63;1,0063;1,4727415054288542;0,5571;1,005571;22,2097110435522;0,44;1,0044;24,392539456825027;0,82;1,0082;41,162137533003175;1,25;1,0125;114,43915075342842;217,06
2004-12-01;0,86;1,0086;23,98941479806794;0,84;1,0084;1,4851125340744564;0,67;1,0067;22,358516107544;0,86;1,0086;24,60231529615372;0,74;1,0074;41,4667373507474;1,48;1,0148;116,13285018457915;215,58
2005-01-01;0,58;1,0058;24,128553403896735;0,68;1,0068;1,4952112993061626;0,5642;1,005642;22,48466285542276;0,57;1,0057;24,742548493341797;0,39;1,0039;41,62845762641532;1,38;1,0138;117,73548351712635;214,2
2005-02-01;0,59;1,0059;24,270911868979727;0,74;1,0074;1,5062758629210282;0,3561;1,003561;22,564730739850916;0,44;1,0044;24,8514157067125;0,3;1,003;41,75334299929456;1,22;1,0122;119,1718564160353;212,98
2005-03-01;0,61;1,0061;24,418964431380502;0,35;1,0035;1,511547828441252;0,7857;1,007857;22,742021829273924;0,73;1,0073;25,032831041371505;0,85;1,0085;42,10824641478856;1,53;1,0153;120,99518581920064;211,45
2005-04-01;0,87;1,0087;24,631409421933512;0,74;1,0074;1,5227332823717175;0,8293;1,008293;22,930621416304096;0,91;1,0091;25,260629803847987;0,86;1,0086;42,47037733395574;1,41;1,0141;122,70121793925138;210,04
2005-05-01;0,49;1,0049;24,752103328100983;0,83;1,0083;1,5353719686154026;0,3546;1,003546;23,01193339984631;0,7;1,007;25,437454212474922;-0,22;0,9978;42,376942503821034;1,5;1,015;124,54173620834014;208,54
2005-06-01;-0,02;0,9998;24,747152907435364;0,12;1,0012;1,5372144149777411;-0,1963;0,998037;22,96676097458241;-0,11;0,9989;25,4094730128412;-0,44;0,9956;42,19048395680422;1,59;1,0159;126,52194981405275;206,95
2005-07-01;0,25;1,0025;24,80902078970395;0,11;1,0011;1,5389053508342168;0,2957;1,002957;23,034673686784252;0,03;1,0003;25,417095854745053;-0,34;0,9966;42,04703631135109;1,51;1,0151;128,43243125624494;205,44
2005-08-01;0,17;1,0017;24,85119612504645;0,28;1,0028;1,5432142858165525;-0,2041;0,997959;22,987659917789525;0,0;1,0;25,417095854745053;-0,65;0,9935;41,77373057532731;1,66;1,0166;130,5644096150986;203,78
2005-09-01;0,35;1,0035;24,938175311484112;0,16;1,0016;1,545683428673859;0,4432;1,004432;23,08954122654517;0,15;1,0015;25,455221498527173;-0,53;0,9947;41,55232980327808;1,5;1,015;132,52287575932507;202,28
2005-10-01;0,75;1,0075;25,125211626320244;0,56;1,0056;1,5543392558744327;0,6314;1,006314;23,235328589849573;0,58;1,0058;25,602861783218632;0,6;1,006;41,80164378209775;1,41;1,0141;134,39144830753156;200,87
2005-11-01;0,55;1,0055;25,263400290265007;0,78;1,0078;1,5664631020702533;0,2867;1,002867;23,30194427691667;0,54;1,0054;25,741117236848016;0,4;1,004;41,96885035722614;1,38;1,0138;136,2460502941755;199,49
2005-12-01;0,36;1,0036;25,354348531309963;0,38;1,0038;1,5724156618581202;0,2935;1,002935;23,37033548336942;0,4;1,004;25,844081705795407;-0,01;0,9999;41,96465347219041;1,47;1,0147;138,24886723349985;198,02
2006-01-01;0,59;1,0059;25,503939187644693;0,51;1,0051;1,5804349817335968;0,5038;1,005038;23,488075233534637;0,38;1,0038;25,94228921627743;0,92;1,0092;42,35072828413457;1,43;1,0143;140,2258260349389;196,59
2006-02-01;0,41;1,0041;25,608505338314036;0,52;1,0052;1,5886532436386116;-0,0259;0,999741;23,481991822049153;0,23;1,0023;26,001956481474867;0,01;1,0001;42,35496335696298;1,15;1,0115;141,8384230343407;195,44
2006-03-01;0,43;1,0043;25,718621911268784;0,37;1,0037;1,5945312606400746;0,1448;1,001448;23,515993746207478;0,27;1,0027;26,072161763974847;-0,23;0,9977;42,25754694124197;1,42;1,0142;143,85252864142834;194,02
2006-04-01;0,21;1,0021;25,772631017282446;0,17;1,0017;1,5972419637831627;0,0121;1,000121;23,51883918145077;0,12;1,0012;26,10344835809162;-0,42;0,9958;42,08006524408875;1,08;1,0108;145,40613595075575;192,94
2006-05-01;0,1;1,001;25,798403648299725;0,27;1,0027;1,601554517085377;-0,2231;0,997769;23,46636865123695;0,13;1,0013;26,13738284095714;0,38;1,0038;42,239969492016286;1,28;1,0128;147,2673344909254;191,66
2006-06-01;-0,21;0,9979;25,744227000638297;-0,15;0,9985;1,5991521853097492;-0,3127;0,996873;23,392989316464533;-0,07;0,9993;26,11908667296847;0,75;1,0075;42,55676926320641;1,18;1,0118;149,00508903791834;190,48
2006-07-01;0,19;1,0019;25,79314103193951;-0,02;0,9998;1,5988323548726873;0,213;1,00213;23,442816383708603;0,11;1,0011;26,14781766830874;0,18;1,0018;42,63337144788019;1,17;1,0117;150,74844857966198;189,31
2006-08-01;0,05;1,0005;25,80603760245548;0,19;1,0019;1,6018701363469454;0,1204;1,001204;23,471041534634587;-0,02;0,9998;26,14258810477508;0,37;1,0037;42,79111492223735;1,26;1,0126;152,6478790317657;188,05
2006-09-01;0,21;1,0021;25,860230281420634;0,05;1,0005;1,6026710714151189;0,248;1,00248;23,529249717640482;0,16;1,0016;26,18441624574272;0,29;1,0029;42,91520915551183;1,06;1,0106;154,26594654950242;186,99
2006-10-01;0,33;1,0033;25,945569041349323;0,29;1,0029;1,6073188175222226;0,3861;1,003861;23,62009615080029;0,43;1,0043;26,297009235599415;0,47;1,0047;43,116910638542734;1,09;1,0109;155,94744536689197;185,9
2006-11-01;0,31;1,0031;26,026000305377508;0,37;1,0037;1,6132658971470548;0,4174;1,004174;23,718686432133726;0,42;1,0042;26,407456674388932;0,75;1,0075;43,44028746833181;1,02;1,0102;157,53810930963428;184,88
2006-12-01;0,48;1,0048;26,150925106843317;0,35;1,0035;1,6189123277870696;1,0417;1,010417;23,96576398869726;0,62;1,0062;26,571182905770144;0,32;1,0032;43,579296388230475;0,99;1,0099;159,09773659179967;183,89
2007-01-01;0,44;1,0044;26,265989177313426;0,52;1,0052;1,6273306718915626;0,6649;1,006649;24,125112353458107;0,49;1,0049;26,701381702008415;0,5;1,005;43,79719287017162;1,08;1,0108;160,8159921469911;182,81
2007-02-01;0,44;1,0044;26,381559529693604;0,46;1,0046;1,6348163929822637;0,3339;1,003339;24,205666103606305;0,42;1,0042;26,813527505156852;0,27;1,0027;43,91544529092108;0,87;1,0087;162,21509127866992;181,94
2007-03-01;0,37;1,0037;26,47917129995347;0,41;1,0041;1,641519140193491;0,1121;1,001121;24,232800655308445;0,44;1,0044;26,931507026179542;0,34;1,0034;44,064757804910215;1,05;1,0105;163,91834973709595;180,89
2007-04-01;0,25;1,0025;26,545369228203352;0,22;1,0022;1,6451304823019166;0,3268;1,003268;24,311993447849993;0,26;1,0026;27,001528944447607;0,04;1,0004;44,082383708032175;0,94;1,0094;165,45918222462467;179,95
2007-05-01;0,28;1,0028;26,619696262042318;0,26;1,0026;1,6494078215559014;0,3632;1,003632;24,400294608052587;0,26;1,0026;27,07173291970317;0,04;1,0004;44,10001666151538;1,03;1,0103;167,1634118015383;178,92
2007-06-01;0,28;1,0028;26,694231411576034;0,29;1,0029;1,6541911042384134;0,5473;1,005473;24,53383742044246;0,31;1,0031;27,15565529175425;0,26;1,0026;44,21467670483532;0,91;1,0091;168,68459884893232;178,01
2007-07-01;0,24;1,0024;26,758297566963815;0,24;1,0024;1,6581611628885855;0,2748;1,002748;24,601256405673833;0,32;1,0032;27,242553388687867;0,28;1,0028;44,33847779960885;0,97;1,0097;170,32083945776697;177,04
2007-08-01;0,47;1,0047;26,884061565528544;0,42;1,0042;1,6651254397727175;0,0687;1,000687;24,618157468824535;0,59;1,0059;27,403284453681124;0,98;1,0098;44,77299488204502;0,99;1,0099;172,00701576839887;176,05
2007-09-01;0,18;1,0018;26,932452876346495;0,29;1,0029;1,6699543035480582;0,2354;1,002354;24,676108611506148;0,25;1,0025;27,471792664815325;1,29;1,0129;45,3505665160234;0,8;1,008;173,38307189454608;175,25
2007-10-01;0,3;1,003;27,013250234975533;0,24;1,0024;1,6739621938765734;0,0807;1,000807;24,696022231155634;0,3;1,003;27,55420804280977;1,05;1,0105;45,826747464441645;0,93;1,0093;174,99553446316537;174,32
2007-11-01;0,38;1,0038;27,11590058586844;0,23;1,0023;1,6778123069224895;0,4715;1,004715;24,812463975975533;0,43;1,0043;27,67269113739385;0,69;1,0069;46,142952021946286;0,84;1,0084;176,46549695265594;173,48
2007-12-01;0,74;1,0074;27,31655825020387;0,7;1,007;1,6895569930709469;0,8202;1,008202;25,015975805506486;0,97;1,0097;27,941116241426574;1,76;1,0176;46,95506797753254;0,84;1,0084;177,94780712705824;172,64
2008-01-01;0,54;1,0054;27,46406766475497;0,7;1,007;1,7013838920224433;0,5196;1,005196;25,145958815791897;0,69;1,0069;28,133909943492416;1,09;1,0109;47,46687821848764;0,93;1,0093;179,6027217333399;171,71
2008-02-01;0,49;1,0049;27,59864159631227;0,64;1,0064;1,712272748931387;0,1898;1,001898;25,19368584562427;0,48;1,0048;28,26895271122118;0,53;1,0053;47,71845267304563;0,8;1,008;181,03954350720662;170,91
2008-03-01;0,48;1,0048;27,731115075974564;0,23;1,0023;1,716210976253929;0,3132;1,003132;25,272592469692764;0,51;1,0051;28,413124370048408;0,74;1,0074;48,07156922282618;0,84;1,0084;182,56027567266713;170,07
2008-04-01;0,55;1,0055;27,883636208892426;0,59;1,0059;1,7263366210138273;0,5376;1,005376;25,408457926809835;0,64;1,0064;28,594968366016715;0,69;1,0069;48,40326305046367;0,9;1,009;184,2033181537211;169,17
2008-05-01;0,79;1,0079;28,103916934942678;0,56;1,0056;1,7360041060915048;1,2286;1,012286;25,72062624089862;0,96;1,0096;28,869480062330478;1,61;1,0161;49,18255558557614;0,88;1,0088;185,82430735347384;168,29
2008-06-01;0,74;1,0074;28,311885920261254;0,9;1,009;1,751628143046328;0,9565;1,009565;25,96664403089282;0,91;1,0091;29,132192330897688;1,98;1,0198;50,15637018617055;0,96;1,0096;187,6082207040672;167,33
2008-07-01;0,53;1,0053;28,46193891563864;0,63;1,0063;1,76266340034752;0,4505;1,004505;26,083623762251992;0,58;1,0058;29,301159046416895;1,76;1,0176;51,03912230144715;1,07;1,0107;189,61562866560072;166,26
2008-08-01;0,28;1,0028;28,541632344602426;0,35;1,0035;1,7688327222487363;0,3794;1,003794;26,182585030805978;0,21;1,0021;29,36269148041437;-0,32;0,9968;50,87579711008252;1,02;1,0102;191,54970807798986;165,24
2008-09-01;0,26;1,0026;28,61584058869839;0,26;1,0026;1,773431687326583;0,3794;1,003794;26,281921758412857;0,15;1,0015;29,406735517634992;0,11;1,0011;50,93176048690362;1,1;1,011;193,65675486684773;164,14
2008-10-01;0,45;1,0045;28,74461187134753;0,3;1,003;1,7787519823885625;0,4979;1,004979;26,412779446847996;0,5;1,005;29,553769195223165;0,98;1,0098;51,430891739675275;1,18;1,0118;195,94190457427655;162,96
2008-11-01;0,36;1,0036;28,848092474084382;0,49;1,0049;1,7874678671022664;0,388;1,00388;26,51526103110177;0,38;1,0038;29,666073518165014;0,38;1,0038;51,626329128286045;1,02;1,0102;197,94051200093418;161,94
2008-12-01;0,28;1,0028;28,928867133011817;0,29;1,0029;1,7926515239168628;0,1603;1,001603;26,557764994534626;0,29;1,0029;29,75210513136769;-0,13;0,9987;51,55921490041928;1,12;1,0112;200,15744573534465;160,82
2009-01-01;0,48;1,0048;29,06772569525027;0,4;1,004;1,7998221300125303;0,4645;1,004645;26,68112581293424;0,64;1,0064;29,94251860420844;-0,44;0,9956;51,332354354857436;1,05;1,0105;202,25909891556577;159,77
2009-02-01;0,55;1,0055;29,22759818657415;0,63;1,0063;1,8111610094316093;0,2726;1,002726;26,753858561900298;0,31;1,0031;30,035340411881492;0,26;1,0026;51,46581847618006;0,86;1,0086;203,99852716623963;158,91
2009-03-01;0,2;1,002;29,286053382947298;0,11;1,0011;1,8131532865419842;0,401;1,00401;26,86114153473352;0,2;1,002;30,095411092705255;-0,74;0,9926;51,08497141945633;0,97;1,0097;205,97731287975216;157,94
2009-04-01;0,48;1,0048;29,42662643918544;0,36;1,0036;1,8196806383735353;0,3119;1,003119;26,944921435180355;0,55;1,0055;30,260935853715136;-0,15;0,9985;51,008343962327146;0,84;1,0084;207,70752230794207;157,1
2009-05-01;0,47;1,0047;29,56493158344961;0,59;1,0059;1,8304167541399392;0,3328;1,003328;27,034594133716634;0,6;1,006;30,442501468837428;-0,07;0,9993;50,972638121553516;0,77;1,0077;209,30687022971324;156,33
2009-06-01;0,36;1,0036;29,67136533715003;0,38;1,0038;1,837372337805671;0,1255;1,001255;27,068522549354448;0,42;1,0042;30,570359975006543;-0,1;0,999;50,921665483431966;0,76;1,0076;210,89760244345908;155,57
2009-07-01;0,24;1,0024;29,742576613959187;0,22;1,0022;1,8414145569488434;0,3314;1,003314;27,15822763308301;0,23;1,0023;30,640671802949058;-0,43;0,9957;50,70270232185321;0,79;1,0079;212,56369350276242;154,78
2009-08-01;0,15;1,0015;29,787190478880127;0,23;1,0023;1,8456498104298256;0,4757;1,004757;27,28741932193358;0,08;1,0008;30,665184340391413;-0,36;0,9964;50,520172593494536;0,69;1,0069;214,03038298793146;154,09
2009-09-01;0,24;1,0024;29,858679736029437;0,19;1,0019;1,8491565450696423;0,1619;1,001619;27,33159765381579;0,16;1,0016;30,71424863533604;0,42;1,0042;50,73235731838721;0,69;1,0069;215,50719263054816;153,4
2009-10-01;0,28;1,0028;29,942284039290318;0,18;1,0018;1,8524850268507678;0,2537;1,002537;27,400937917063523;0,24;1,0024;30,787962832060845;0,05;1,0005;50,7577234970464;0,69;1,0069;216,99419225969893;152,71
2009-11-01;0,41;1,0041;30,06504740385141;0,44;1,0044;1,8606359609689112;0,2858;1,002858;27,47924979763049;0,37;1,0037;30,901878294539472;0,1;1,001;50,80848122054344;0,66;1,0066;218,42635392861294;152,05
2009-12-01;0,37;1,0037;30,176288079245662;0,38;1,0038;1,867706377620593;0,18;1,0018;27,528712447266226;0,24;1,0024;30,976042802446365;-0,26;0,9974;50,67637916937003;0,73;1,0073;220,02086631229184;151,32
2010-01-01;0,75;1,0075;30,402610239840005;0,52;1,0052;1,8774184507842204;1,3355;1,013355;27,896358401999468;0,88;1,0088;31,24863197910789;0,63;1,0063;50,99564035813706;0,66;1,0066;221,47300402995296;150,66
2010-02-01;0,78;1,0078;30,63975059971076;0,94;1,0094;1,8950661842215923;0,7414;1,007414;28,103182003191893;0,7;1,007;31,467372402961644;1,18;1,0118;51,59738891436308;0,59;1,0059;222,7796947537297;150,07
2010-03-01;0,52;1,0052;30,799077302829257;0,55;1,0055;1,9054890482348112;0,3353;1,003353;28,197411972448595;0,71;1,0071;31,690790747022675;0,94;1,0094;52,082404370158095;0,76;1,0076;224,47282043385806;149,31
2010-04-01;0,57;1,0057;30,974632043455387;0,48;1,0048;1,9146353956663382;0,3912;1,003912;28,307720248084813;0,73;1,0073;31,922133519475942;0,77;1,0077;52,48343888380831;0,67;1,0067;225,9767883307649;148,64
2010-05-01;0,43;1,0043;31,107822961242245;0,63;1,0063;1,926697598659036;0,2193;1,002193;28,36979907858886;0,43;1,0043;32,05939869360969;1,19;1,0119;53,10799180652563;0,75;1,0075;227,67161424324564;147,89
2010-06-01;0,0;1,0;31,107822961242245;0,19;1,0019;1,930358324096488;0,041;1,00041;28,38143069621108;-0,11;0,9989;32,024133355046715;0,85;1,0085;53,5594097368811;0,79;1,0079;229,47021999576728;147,1
2010-07-01;0,01;1,0001;31,110933743538368;-0,09;0,9991;1,9286210016048013;0,1714;1,001714;28,430076468424385;-0,07;0,9993;32,00171646169818;0,15;1,0015;53,639748851486424;0,86;1,0086;231,44366388773088;146,24
2010-08-01;0,04;1,0004;31,12337811703578;-0,05;0,9995;1,927656691103999;0,1691;1,001691;28,478151727732495;-0,07;0,9993;31,97931526017499;0,77;1,0077;54,05277491764287;0,89;1,0089;233,50351249633167;145,35
2010-09-01;0,45;1,0045;31,26343331856244;0,31;1,0031;1,9336324268464216;0,5312;1,005312;28,62942766971021;0,54;1,0054;32,152003562579935;1,15;1,0115;54,67438182919577;0,85;1,0085;235,48829235255047;144,5
2010-10-01;0,75;1,0075;31,497909068451662;0,62;1,0062;1,9456209478928694;1,0373;1,010373;28,926400722928115;0,92;1,0092;32,447801995355675;1,01;1,0101;55,22659308567064;0,81;1,0081;237,39574752060614;143,69
2010-11-01;0,83;1,0083;31,75934171371981;0,86;1,0086;1,962353288044748;0,715;1,00715;29,13322448809705;1,03;1,0103;32,78201435590784;1,45;1,0145;56,02737868541286;0,81;1,0081;239,31865307552303;142,88
2010-12-01;0,63;1,0063;31,959425566516245;0,69;1,0069;1,9758935257322567;0,5388;1,005388;29,290194301638916;0,6;1,006;32,97870644204329;0,69;1,0069;56,413967598342204;0,93;1,0093;241,54431654912543;141,95
2011-01-01;0,83;1,0083;32,224688798718326;0,76;1,0076;1,990910316527822;1,1459;1,011459;29,625830638141398;0,94;1,0094;33,2887062825985;0,79;1,0079;56,859637942369105;0,86;1,0086;243,6215976714479;141,09
2011-02-01;0,8;1,008;32,482486309108076;0,97;1,0097;2,010222146598142;0,5964;1,005964;29,802519092067275;0,54;1,0054;33,46846529652453;1,0;1,01;57,42823432179279;0,84;1,0084;245,66801909188803;140,25
2011-03-01;0,79;1,0079;32,73909795095003;0,6;1,006;2,0222834794777307;0,3488;1,003488;29,906470278660404;0,66;1,0066;33,68935716748159;0,62;1,0062;57,78428937458791;0,92;1,0092;247,9281648675334;139,33
2011-04-01;0,77;1,0077;32,99118900517235;0,77;1,0077;2,0378550622697094;0,7013;1,007013;30,116204354724648;0,72;1,0072;33,93192053908746;0,45;1,0045;58,04431867677355;0,84;1,0084;250,0107614524207;138,49
2011-05-01;0,47;1,0047;33,14624759349666;0,7;1,007;2,052120047705597;0,3131;1,003131;30,21049819055929;0,57;1,0057;34,125332486160254;0,43;1,0043;58,293909247083675;0,99;1,0099;252,48586799079968;137,5
2011-06-01;0,15;1,0015;33,19596696488691;0,23;1,0023;2,05683992381532;0,0122;1,000122;30,214183871338534;0,22;1,0022;34,20040821762981;-0,18;0,9982;58,18898021043892;0,96;1,0096;254,90973232351138;136,54
2011-07-01;0,16;1,0016;33,24908051203073;0,1;1,001;2,058896763739135;0,3042;1,003042;30,306095418675145;0,0;1,0;34,20040821762981;-0,12;0,9988;58,119153434186394;0,97;1,0097;257,38235672704946;135,57
2011-08-01;0,37;1,0037;33,372102109925244;0,27;1,0027;2,0644557850012304;0,3936;1,003936;30,42538021024305;0,42;1,0042;34,344049932143854;0,44;1,0044;58,37487770929681;1,07;1,0107;260,13634794402884;134,5
2011-09-01;0,53;1,0053;33,54897425110785;0,53;1,0053;2,0753974006617373;0,2498;1,002498;30,50138281000823;0,45;1,0045;34,4985981568385;0,65;1,0065;58,75431441440724;0,94;1,0094;262,5816296147027;133,56
2011-10-01;0,43;1,0043;33,69323484038761;0,42;1,0042;2,0841140697445164;0,3851;1,003851;30,618843635209576;0,32;1,0032;34,608993670940386;0,53;1,0053;59,0657122808036;0,88;1,0088;264,89234795531206;132,68
2011-11-01;0,52;1,0052;33,86843966155763;0,46;1,0046;2,093700994465341;0,6019;1,006019;30,8031384550499;0,57;1,0057;34,80626493486475;0,5;1,005;59,361040842207615;0,86;1,0086;267,1704221477277;131,82
2011-12-01;0,5;1,005;34,03778185986541;0,56;1,0056;2,1054257200343467;0,6099;1,006099;30,99100679648725;0,51;1,0051;34,983776886032565;-0,12;0,9988;59,28980759319697;0,91;1,0091;269,60167298927206;130,91
2012-01-01;0,56;1,0056;34,22839343828066;0,65;1,0065;2,1191109872145697;0,6596;1,006596;31,195423477316883;0,51;1,0051;35,162194148151336;0,25;1,0025;59,43803211217996;0,89;1,0089;272,00112787887656;130,02
2012-02-01;0,45;1,0045;34,38242120875292;0,53;1,0053;2,130342275446807;-0,0662;0,999338;31,1747721069749;0,39;1,0039;35,29932670532913;-0,06;0,9994;59,40236929291265;0,75;1,0075;274,04113633796817;129,27
2012-03-01;0,21;1,0021;34,4546242932913;0,25;1,0025;2,1356681311354238;0,1467;1,001467;31,220505497655836;0,18;1,0018;35,36286549339872;0,43;1,0043;59,65779948087218;0,82;1,0082;276,2882736559395;128,45
2012-04-01;0,64;1,0064;34,675133888768364;0,43;1,0043;2,144851504099306;0,4668;1,004668;31,36624281731889;0,64;1,0064;35,58918783255647;0,85;1,0085;60,164890776459586;0,71;1,0071;278,24992039889673;127,74
2012-05-01;0,36;1,0036;34,79996437076793;0,51;1,0051;2,155790246770213;0,3471;1,003471;31,475115046137805;0,55;1,0055;35,78492836563553;1,02;1,0102;60,778572662379474;0,74;1,0074;280,3089698098486;127,0
2012-06-01;0,08;1,0008;34,82780434226454;0,18;1,0018;2,159670669214399;0,228;1,00228;31,546878308443002;0,26;1,0026;35,87796917938618;0,66;1,0066;61,179711241951175;0,64;1,0064;282,1029472166316;126,36
2012-07-01;0,43;1,0043;34,97756390093628;0,33;1,0033;2,1667975824228067;0,1343;1,001343;31,589245766011246;0,43;1,0043;36,03224444685754;1,34;1,0134;61,999519372593326;0,68;1,0068;284,02124725770466;125,68
2012-08-01;0,41;1,0041;35,12097191293012;0,39;1,0039;2,1752480929942557;0,2677;1,002677;31,67381017692686;0,45;1,0045;36,19438954686839;1,43;1,0143;62,88611249962141;0,69;1,0069;285,98099386378277;124,99
2012-09-01;0,57;1,0057;35,32116145283383;0,48;1,0048;2,185689283840628;0,547;1,00547;31,84706591859465;0,63;1,0063;36,422414201013666;0,97;1,0097;63,49610779086774;0,54;1,0054;287,5252912306472;124,45
2012-10-01;0,59;1,0059;35,52955630540555;0,65;1,0065;2,199896264185592;0,802;1,00802;32,10247938726178;0,71;1,0071;36,68101334184087;0,02;1,0002;63,50880701242591;0,61;1,0061;289,27919550715416;123,84
2012-11-01;0,6;1,006;35,74273364323798;0,54;1,0054;2,211775704012194;0,6764;1,006764;32,31962055783722;0,54;1,0054;36,87909081388681;-0,03;0,9997;63,48975437032219;0,55;1,0055;290,8702310824435;123,29
2012-12-01;0,79;1,0079;36,02510123901956;0,69;1,0069;2,227036956369878;0,8202;1,008202;32,5847060856526;0,74;1,0074;37,15199608590958;0,68;1,0068;63,921484700040374;0,55;1,0055;292,470017353397;122,74
2013-01-01;0,86;1,0086;36,33491710967513;0,88;1,0088;2,246634881585933;1,1484;1,011484;32,95890885034024;0,92;1,0092;37,49379444989995;0,34;1,0034;64,13881774802051;0,6;1,006;294,22483745751737;122,14
2013-02-01;0,6;1,006;36,55292661233318;0,68;1,0068;2,2619119987807172;0,2213;1,002213;33,03184691562604;0,52;1,0052;37,688762181039436;0,29;1,0029;64,32482031948977;0,49;1,0049;295,6665391610592;121,65
2013-03-01;0,47;1,0047;36,724725367411146;0,49;1,0049;2,2729953675747425;-0,1747;0,998253;32,97414027906444;0,6;1,006;37,914894754125676;0,21;1,0021;64,4599024421607;0,55;1,0055;297,292705126445;121,1
2013-04-01;0,55;1,0055;36,92671135693191;0,51;1,0051;2,284587643949374;0,2754;1,002754;33,06495106139298;0,59;1,0059;38,138592633175016;0,15;1,0015;64,55659229582395;0,61;1,0061;299,10619062771633;120,49
2013-05-01;0,37;1,0037;37,06334018895256;0,46;1,0046;2,295096747111541;0,0974;1,000974;33,09715632372678;0,35;1,0035;38,272077707391134;0,0;1,0;64,55659229582395;0,6;1,006;300,9008277714826;119,89
2013-06-01;0,26;1,0026;37,159704873443836;0,38;1,0038;2,303818114750565;0,3168;1,003168;33,20200811496035;0,28;1,0028;38,37923952497182;0,75;1,0075;65,04076673804263;0,61;1,0061;302,7363228208887;119,28
2013-07-01;0,03;1,0003;37,17085278490587;0,07;1,0007;2,3054307874308906;-0,1312;0,998688;33,15844708031352;-0,13;0,9987;38,32934651358936;0,26;1,0026;65,20987273156155;0,72;1,0072;304,9160243451991;118,56
2013-08-01;0,24;1,0024;37,26006283158964;0,16;1,0016;2,30911947669078;0,2245;1,002245;33,232887794008825;0,16;1,0016;38,3906734680111;0,15;1,0015;65,30768754065889;0,71;1,0071;307,08092811805005;117,85
2013-09-01;0,35;1,0035;37,39047305150021;0,27;1,0027;2,315354099277845;0,2496;1,002496;33,315837081942675;0,27;1,0027;38,49432828637473;1,5;1,015;66,28730285376876;0,71;1,0071;309,26120270768826;117,14
2013-10-01;0,57;1,0057;37,60359874789376;0,48;1,0048;2,3264677989543787;0,4821;1,004821;33,47645273251472;0,61;1,0061;38,72914368892162;0,86;1,0086;66,85737365831118;0,81;1,0081;311,7662184496205;116,33
2013-11-01;0,54;1,0054;37,80665818113239;0,57;1,0057;2,3397286654084186;0,461;1,00461;33,630779179611615;0,54;1,0054;38,938281064841796;0,29;1,0029;67,05126004192027;0,72;1,0072;314,0109352224578;115,61
2013-12-01;0,92;1,0092;38,154479436398816;0,75;1,0075;2,357276630398982;0,6484;1,006484;33,848841151812216;0,72;1,0072;39,21863668850866;0,6;1,006;67,45356760217179;0,79;1,0079;316,49162161071524;114,82
2014-01-01;0,55;1,0055;38,36432907329901;0,67;1,0067;2,3730703838226552;0,9389;1,009389;34,166647921386584;0,63;1,0063;39,46571409964626;0,48;1,0048;67,77734472666221;0,85;1,0085;319,1818003944063;113,97
2014-02-01;0,69;1,0069;38,62904294390477;0,7;1,007;2,3896818765094134;0,5204;1,005204;34,34445115716948;0,64;1,0064;39,718294669883996;0,38;1,0038;68,03489863662352;0,79;1,0079;321,7033366175221;113,18
2014-03-01;0,92;1,0092;38,9844301389887;0,73;1,0073;2,4071265542079323;0,7395;1,007395;34,59842837347675;0,82;1,0082;40,04398468617704;1,67;1,0167;69,17108144385513;0,77;1,0077;324,180452309477;112,41
2014-04-01;0,67;1,0067;39,24562582091992;0,78;1,0078;2,4259021413307544;0,5342;1,005342;34,78325317784786;0,78;1,0078;40,35632776672922;0,78;1,0078;69,7106158791172;0,82;1,0082;326,8387320184147;111,59
2014-05-01;0,46;1,0046;39,426155699696146;0,58;1,0058;2,439972373750473;0,2507;1,002507;34,870454793564726;0,6;1,006;40,5984657333296;-0,13;0,9987;69,61999207847435;0,87;1,0087;329,6822289869749;110,72
2014-06-01;0,4;1,004;39,58386032249493;0,47;1,0047;2,4514402439070997;0,0392;1,000392;34,8841240118438;0,26;1,0026;40,70402174423625;-0,74;0,9926;69,10480413709365;0,82;1,0082;332,3856232646681;109,9
2014-07-01;0,01;1,0001;39,58781870852718;0,17;1,0017;2,455607692321742;0,1625;1,001625;34,94081071336305;0,13;1,0013;40,75693697250376;-0,61;0,9939;68,68326483185739;0,95;1,0095;335,54328668568246;108,95
2014-08-01;0,25;1,0025;39,686788255298495;0,14;1,0014;2,4590455430909923;0,3375;1,003375;35,058735949520646;0,18;1,0018;40,83029945905427;-0,27;0,9973;68,49782001681137;0,87;1,0087;338,4625132798479;108,08
2014-09-01;0,57;1,0057;39,9130029483537;0,39;1,0039;2,4686358207090473;0,2056;1,002056;35,130816710632864;0,49;1,0049;41,03036792640363;0,2;1,002;68,63481565684499;0,91;1,0091;341,54252215069454;107,17
2014-10-01;0,42;1,0042;40,08063756073678;0,48;1,0048;2,4804852726484503;0,3717;1,003717;35,261397956346286;0,38;1,0038;41,18628332452396;0,28;1,0028;68,82699314068415;0,95;1,0095;344,78717611112614;106,22
2014-11-01;0,51;1,0051;40,285048812296544;0,38;1,0038;2,4899111166845147;0,6916;1,006916;35,50526578461238;0,53;1,0053;41,40457062614394;0,98;1,0098;69,50149767346286;0,84;1,0084;347,6833883904596;105,38
2014-12-01;0,78;1,0078;40,59927219303246;0,79;1,0079;2,5095814145063224;0,2953;1,002953;35,610112834474336;0,62;1,0062;41,66127896402603;0,62;1,0062;69,93240695903833;0,96;1,0096;351,021148919008;104,42
2015-01-01;1,24;1,0124;41,102703168226064;0,89;1,0089;2,5319166890954286;1,6215;1,016215;36,18753081408534;1,48;1,0148;42,27786589269361;0,76;1,0076;70,46389325192703;0,94;1,0094;354,3207477188467;103,48
2015-02-01;1,22;1,0122;41,604156146878424;1,33;1,0133;2,565591181060398;1,2202;1,012202;36,62909106507881;1,16;1,0116;42,76828913704886;0,27;1,0027;70,65414576370723;0,82;1,0082;357,22617785014126;102,66
2015-03-01;1,32;1,0132;42,153331008017226;1,24;1,0124;2,597404511705547;0,6964;1,006964;36,88417605525602;1,51;1,0151;43,41409030301829;0,98;1,0098;71,34655639219157;1,04;1,0104;360,9413300997827;101,62
2015-04-01;0,71;1,0071;42,45261965817415;1,07;1,0107;2,625196739980796;1,1021;1,011021;37,29067655956099;0,71;1,0071;43,72233034416973;1,17;1,0117;72,18131110198021;0,95;1,0095;364,3702727357307;100,67
2015-05-01;0,74;1,0074;42,76676904364464;0,6;1,006;2,6409479204206807;0,6151;1,006151;37,520051511078854;0,99;1,0099;44,15518141457701;0,41;1,0041;72,47725447749833;0,99;1,0099;367,97753843581444;99,68
2015-06-01;0,79;1,0079;43,104626519089436;0,99;1,0099;2,6670933048328456;0,4656;1,004656;37,694744870914434;0,77;1,0077;44,49517631146925;0,67;1,0067;72,96285208249756;1,07;1,0107;371,91489809707764;98,61
2015-07-01;0,62;1,0062;43,37187520350779;0,59;1,0059;2,6828291553313592;0,846;1,00846;38,013642412522366;0,58;1,0058;44,75324833407577;0,69;1,0069;73,46629576186679;1,18;1,0118;376,30349389462316;97,43
2015-08-01;0,22;1,0022;43,467293328955506;0,43;1,0043;2,694365320699284;0,5637;1,005637;38,22792531480175;0,25;1,0025;44,86513145491096;0,28;1,0028;73,67200139;1,11;1,0111;380,4804626768535;96,32
2015-09-01;0,54;1,0054;43,70201671293187;0,39;1,0039;2,7048733454500113;0,6648;1,006648;38,48206456229455;0,51;1,0051;45,09394362533101;0,95;1,0095;74,37188540320501;1,11;1,0111;384,7037958125666;95,21
2015-10-01;0,82;1,0082;44,060373249977914;0,66;1,0066;2,7227255095299814;0,8787;1,008787;38,82020646360344;0,77;1,0077;45,44116699124606;1,89;1,0189;75,77751403732559;1,11;1,0111;388,97400794608615;94,1
2015-11-01;1,01;1,0101;44,50538301980269;0,85;1,0085;2,745868676360986;1,0577;1,010577;39,230807787368974;1,11;1,0111;45,94556394484889;1,52;1,0152;76,92933225069295;1,06;1,0106;393,0971324303146;93,04
2015-12-01;0,96;1,0096;44,9326346967928;1,18;1,0118;2,7782699267420456;0,8196;1,008196;39,55234348799426;0,9;1,009;46,35907402035253;0,49;1,0049;77,30628597872133;1,16;1,0116;397,6570591665063;91,88
2016-01-01;1,27;1,0127;45,503279157442066;0,92;1,0092;2,8038300100680726;1,3659;1,013659;40,092588947696775;1,51;1,0151;47,05909603805985;1,14;1,0114;78,18757763887876;1,06;1,0106;401,87222399367124;90,82
2016-02-01;0,9;1,009;45,91280866985904;1,42;1,0142;2,8436443962110394;0,8889;1,008889;40,448971970852845;0,95;1,0095;47,50615745042142;1,29;1,0129;79,1961973904203;1,0;1,01;405,89094623360796;89,82
2016-03-01;0,43;1,0043;46,11023374713943;0,43;1,0043;2,855872067114747;0,9732;1,009732;40,84262136607319;0,44;1,0044;47,71518454320327;0,51;1,0051;79,60009799711145;1,16;1,0116;410,5992812099178;88,66
2016-04-01;0,61;1,0061;46,39150617299698;0,51;1,0051;2,8704370146570324;0,4593;1,004593;41,03021152600756;0,64;1,0064;48,02056172427977;0,33;1,0033;79,86277832050192;1,06;1,0106;414,9516335907429;87,6
2016-05-01;0,78;1,0078;46,75335992114636;0,86;1,0086;2,8951227729830826;0,5691;1,005691;41,26371445980207;0,98;1,0098;48,491163229177715;0,82;1,0082;80,51765310273004;1,11;1,0111;419,5575967236002;86,49
2016-06-01;0,35;1,0035;46,916996680870376;0,4;1,004;2,906703264075015;0,648;1,00648;41,53110332950158;0,47;1,0047;48,719071696354845;1,69;1,0169;81,87840144016617;1,16;1,0116;424,424464845594;85,33
2016-07-01;0,52;1,0052;47,16096506361091;0,54;1,0054;2,9223994617010205;0,3472;1,003472;41,67529932026161;0,64;1,0064;49,030873755211516;0,18;1,0018;82,02578256275848;1,11;1,0111;429,13557640538016;84,22
2016-08-01;0,44;1,0044;47,368473309890796;0,45;1,0045;2,935550259278675;0,1059;1,001059;41,71943346224176;0,31;1,0031;49,182869463852676;0,15;1,0015;82,14882123660261;1,22;1,0122;434,3710304375258;83,0
2016-09-01;0,08;1,0008;47,406368088538706;0,23;1,0023;2,942302024875016;-0,1394;0,998606;41,661276571995394;0,08;1,0008;49,222215759423754;0,2;1,002;82,31311887907582;1,11;1,0111;439,1925488753824;81,89
2016-10-01;0,26;1,0026;47,5296246455689;0,19;1,0019;2,9478923987222787;0,2741;1,002741;41,77547013107924;0,17;1,0017;49,305893526214774;0,16;1,0016;82,44481986928234;1,05;1,0105;443,8040706385739;80,84
2016-11-01;0,18;1,0018;47,615177969930926;0,26;1,0026;2,9555569189589566;0,151;1,00151;41,83855109097716;0,07;1,0007;49,34040765168312;-0,03;0,9997;82,42008642332156;1,04;1,0104;448,419632973215;79,8
2016-12-01;0,3;1,003;47,75802350384071;0,19;1,0019;2,9611724771049786;0,7171;1,007171;42,13857534085056;0,14;1,0014;49,409484222395484;0,54;1,0054;82,8651548900075;1,12;1,0112;453,44193286251505;78,68
2017-01-01;0,38;1,0038;47,939503993155306;0,31;1,0031;2,9703521117840044;0,323;1,00323;42,274682939201504;0,42;1,0042;49,617004056129545;0,64;1,0064;83,39549188130354;1,09;1,0109;458,3844499307164;77,59
2017-02-01;0,33;1,0033;48,09770435633272;0,54;1,0054;2,986392013187638;-0,0824;0,999176;42,2398486004596;0,24;1,0024;49,73608486586426;0,08;1,0008;83,46220827480857;0,87;1,0087;462,3723946451136;76,72
2017-03-01;0,25;1,0025;48,21794861722355;0,15;1,0015;2,9908716012074197;0,1359;1,001359;42,29725255470763;0,32;1,0032;49,89524033743503;0,01;1,0001;83,47055449563605;1,05;1,0105;467,2273047888873;75,67
2017-04-01;0,14;1,0014;48,28545374528766;0,21;1,0021;2,997152431569955;0,6069;1,006069;42,55395458046216;0,08;1,0008;49,93515652970497;-1,1;0,989;82,55237839618405;0,79;1,0079;470,9184004967195;74,88
2017-05-01;0,31;1,0031;48,43513865189806;0,24;1,0024;3,004345597405723;-0,0488;0,999512;42,53318825062689;0,36;1,0036;50,11492309321191;-0,93;0,9907;81,78464127709954;0,93;1,0093;475,2979416213391;73,95
2017-06-01;-0,23;0,9977;48,323737832998695;0,16;1,0016;3,009152550361572;0,051;1,00051;42,55488017663471;-0,3;0,997;49,96457832393227;-0,67;0,9933;81,23668418054297;0,81;1,0081;479,14785494847195;73,14
2017-07-01;0,24;1,0024;48,43971480379789;-0,18;0,9982;3,003736075770921;-0,0125;0,999875;42,54956081661263;0,17;1,0017;50,04951810708296;-0,72;0,9928;80,65178005444305;0,8;1,008;482,9810377880597;72,34
2017-08-01;0,19;1,0019;48,531750261925104;0,35;1,0035;3,0142491520361196;0,0967;1,000967;42,5907062419223;-0,03;0,9997;50,03450325165084;0,1;1,001;80,73243183449749;0,8;1,008;486,8448860903642;71,54
2017-09-01;0,16;1,0016;48,60940106234419;0,11;1,0011;3,0175648261033596;0,0184;1,000184;42,59854293187081;-0,02;0,9998;50,02449635100051;0,47;1,0047;81,11187426411962;0,64;1,0064;489,9606933613425;70,9
2017-10-01;0,42;1,0042;48,81356054680604;0,34;1,0034;3,0278245465121114;0,3224;1,003224;42,735880634283156;0,37;1,0037;50,209586987499215;0,2;1,002;81,27409801264785;0,64;1,0064;493,0964417988551;70,26
2017-11-01;0,28;1,0028;48,95023851633709;0,32;1,0032;3,0375135850609505;0,2889;1,002889;42,859344593435594;0,18;1,0018;50,29996424407671;0,52;1,0052;81,69672332231363;0,57;1,0057;495,9070915171086;69,69
2017-12-01;0,44;1,0044;49,16561956580897;0,35;1,0035;3,048144882608664;0,5495;1,005495;43,094856691976524;0,26;1,0026;50,430744151111305;0,89;1,0089;82,42382415988222;0,54;1,0054;498,584989811301;69,15
2018-01-01;0,29;1,0029;49,308199862549806;0,39;1,0039;3,060032647650838;0,4629;1,004629;43,29434278360368;0,23;1,0023;50,54673486265886;0,76;1,0076;83,05024522349733;0,58;1,0058;501,47678275220653;68,57
2018-02-01;0,32;1,0032;49,46598610210997;0,38;1,0038;3,0716607717119113;-0,4166;0,995834;43,113978551567186;0,18;1,0018;50,637718985411645;0,07;1,0007;83,10838039515377;0,47;1,0047;503,8337236311419;68,1
2018-03-01;0,09;1,0009;49,51050548960187;0,1;1,001;3,0747324324836227;0,0032;1,000032;43,115358198880834;0,07;1,0007;50,67316538870143;0,64;1,0064;83,64027402968276;0,53;1,0053;506,50404236638695;67,57
2018-04-01;0,22;1,0022;49,61942860167899;0,21;1,0021;3,0811893705918383;-0,026;0,99974;43,10414820574913;0,21;1,0021;50,7795790360177;0,57;1,0057;84,11702359165196;0,52;1,0052;509,13786338669223;67,05
2018-05-01;0,4;1,004;49,817906316085704;0,14;1,0014;3,085503035710667;0,1947;1,001947;43,188071982305715;0,43;1,0043;50,99793122587258;1,38;1,0138;85,27783851721675;0,52;1,0052;511,7853802763031;66,53
2018-06-01;1,26;1,0126;50,44561193566838;1,11;1,0111;3,119752119407056;1,0102;1,010102;43,62435788547097;1,43;1,0143;51,727201642402555;1,87;1,0187;86,8725340974887;0,52;1,0052;514,4466642537399;66,01
2018-07-01;0,33;1,0033;50,61208245505609;0,64;1,0064;3,139718532971261;0,2283;1,002283;43,7239522945235;0,25;1,0025;51,85651964650856;0,51;1,0051;87,3155840213859;0,54;1,0054;517,2246762407101;65,47
2018-08-01;-0,09;0,9991;50,56653158084654;0,13;1,0013;3,143800167064124;0,4121;1,004121;43,904138701929234;0,0;1,0;51,85651964650856;0,7;1,007;87,9267931095356;0,57;1,0057;520,1728568952822;64,9
2018-09-01;0,48;1,0048;50,809250932434594;0,09;1,0009;3,1466295872144814;0,3867;1,003867;44,0739160062896;0,3;1,003;52,01208920544808;1,52;1,0152;89,26328036480055;0,47;1,0047;522,61766932269;64,43
2018-10-01;0,45;1,0045;51,03789256163055;0,58;1,0058;3,1648800388203253;0,4808;1,004808;44,28582339444784;0,4;1,004;52,22013756226987;0,89;1,0089;90,05772356004726;0,54;1,0054;525,4398047370325;63,89
2018-11-01;-0,21;0,9979;50,93071298725113;0,19;1,0019;3,1708933108940838;0,1544;1,001544;44,35420070576887;-0,25;0,9975;52,089587218364194;-0,49;0,9951;89,61644071460303;0,49;1,0049;528,014459780244;63,4
2018-12-01;0,15;1,0015;51,007109056732006;-0,16;0,9984;3,165819881596653;0,0935;1,000935;44,395671883428754;0,14;1,0014;52,162512640469906;-1,08;0,9892;88,64858315488532;0,49;1,0049;530,6017306331671;62,91
2019-01-01;0,32;1,0032;51,17033180571355;0,3;1,003;3,1753173412414424;0,5787;1,005787;44,65258963661815;0,36;1,0036;52,3502976859756;0,01;1,0001;88,6574480132008;0,54;1,0054;533,4669799785862;62,37
2019-02-01;0,43;1,0043;51,39036423247812;0,34;1,0034;3,1861134202016634;0,5434;1,005434;44,895231808703535;0,54;1,0054;52,632989293479866;0,88;1,0088;89,43763355571697;0,49;1,0049;536,0809681804812;61,88
2019-03-01;0,75;1,0075;51,77579196422171;0,54;1,0054;3,2033184326707524;0,5106;1,005106;45,124466862318776;0,77;1,0077;53,038263311039664;1,26;1,0126;90,564547738519;0,47;1,0047;538,6005487309295;61,41
2019-04-01;0,57;1,0057;52,07091397841778;0,72;1,0072;3,2263823253859822;0,2871;1,002871;45,254019206680496;0,6;1,006;53,356492890905905;0,92;1,0092;91,39774157771338;0,52;1,0052;541,4012715843304;60,89
2019-05-01;0,13;1,0013;52,138606166589724;0,35;1,0035;3,2376746635248335;-0,0173;0,999827;45,24619026135774;0,15;1,0015;53,43652763024227;0,45;1,0045;91,80903141481308;0,54;1,0054;544,3248384508859;60,35
2019-06-01;0,01;1,0001;52,14382002720638;0,06;1,0006;3,2396172683229483;0,1547;1,001547;45,316186117692055;0,01;1,0001;53,44187128300529;0,8;1,008;92,54350366613158;0,47;1,0047;546,883165191605;59,88
2019-07-01;0,19;1,0019;52,24289328525808;0,09;1,0009;3,2425329238644385;0,1438;1,001438;45,3813507933293;0,1;1,001;53,49531315428829;0,4;1,004;92,91367768079611;0,57;1,0057;550,0003992331972;59,31
2019-08-01;0,11;1,0011;52,30036046787187;0,08;1,0008;3,2451269502035296;0,3302;1,003302;45,53120001364886;0,12;1,0012;53,55950753007344;-0,67;0,9933;92,29115604033477;0,5;1,005;552,7504012293631;58,81
2019-09-01;-0,04;0,9996;52,279440323684724;0,09;1,0009;3,2480475644587123;0,0015;1,000015;45,531882981649076;-0,05;0,9995;53,532727776308406;-0,01;0,9999;92,28192692473074;0,46;1,0046;555,2930530750182;58,35
2019-10-01;0,1;1,001;52,331719764008405;0,09;1,0009;3,2509708072667247;0,1644;1,001644;45,606737397270905;0,04;1,0004;53,55414086741893;0,68;1,0068;92,9094440278189;0,48;1,0048;557,9584597297783;57,87
2019-11-01;0,51;1,0051;52,59861153480485;0,14;1,0014;3,2555221663968985;0,6822;1,006822;45,917866559795094;0,54;1,0054;53,843333228103;0,3;1,003;93,18817235990235;0,38;1,0038;560,0787018767514;57,49
2019-12-01;1,15;1,0115;53,203495567455114;1,05;1,0105;3,2897051491440656;0,9397;1,009397;46,34935675185749;1,22;1,0122;54,50022189348586;2,09;1,0209;95,1358051622243;0,37;1,0037;562,1509930736954;57,12
2020-01-01;0,21;1,0021;53,31522290814677;0,71;1,0071;3,313062055702989;0,2868;1,002868;46,48228670702182;0,19;1,0019;54,60377231508348;0,48;1,0048;95,59245702700296;0,38;1,0038;564,2871668473755;56,74
2020-02-01;0,25;1,0025;53,448510965417135;0,22;1,0022;3,3203507922255353;0,1061;1,001061;46,53160441321797;0,17;1,0017;54,696598728019126;-0,04;0,9996;95,55422004419216;0,29;1,0029;565,9235996312328;56,45
2020-03-01;0,07;1,0007;53,485924923092924;0,02;1,0002;3,32101486238398;0,1015;1,001015;46,57883399169739;0,18;1,0018;54,79505260572956;1,24;1,0124;96,73909237274015;0,34;1,0034;567,847739869979;56,11
2020-04-01;-0,31;0,9969;53,320118555831336;-0,01;0,9999;3,320682760897742;-0,304;0,99696;46,43723433636262;-0,23;0,9977;54,669023984736384;0,8;1,008;97,51300511172207;0,28;1,0028;569,4377135416149;55,83
2020-05-01;-0,38;0,9962;53,117502105319176;-0,59;0,9941;3,3010907326084453;-0,2421;0,997579;46,32480979203429;-0,25;0,9975;54,532351424774546;0,28;1,0028;97,78604152603488;0,24;1,0024;570,8043640541148;55,59
2020-06-01;0,26;1,0026;53,255607610793;0,02;1,0002;3,301750950754967;0,3895;1,003895;46,50524492617426;0,3;1,003;54,695948479048866;1,56;1,0156;99,31150377384103;0,21;1,0021;572,0030532186285;55,38
2020-07-01;0,36;1,0036;53,44732779819186;0,3;1,003;3,3116562036072317;0,2452;1,002452;46,61927578673323;0,44;1,0044;54,93661065235668;2,23;1,0223;101,52615030799768;0,19;1,0019;573,0898590197438;55,19
2020-08-01;0,24;1,0024;53,575601384907515;0,23;1,0023;3,319273012875528;0,779;1,00779;46,982439945111885;0,36;1,0036;55,13438245070516;2,74;1,0274;104,30796682643683;0,16;1,0016;574,0068027941754;55,03
2020-09-01;0,64;1,0064;53,91848523377092;0,45;1,0045;3,334209741433468;1,1202;1,011202;47,50873723737703;0,87;1,0087;55,61405157802629;4,34;1,0434;108,8349325867042;0,16;1,0016;574,9252136786462;54,87
2020-10-01;0,86;1,0086;54,382184206781346;0,94;1,0094;3,3655513130029426;1,1912;1,011912;48,074661315348656;0,89;1,0089;56,109016637070724;3,23;1,0323;112,35030090925474;0,16;1,0016;575,8450940205321;54,71
2020-11-01;0,89;1,0089;54,866185646221695;0,81;1,0081;3,3928122786382664;1,0316;1,010316;48,570599521477796;0,95;1,0095;56,6420522951229;3,28;1,0328;116,03539077907828;0,15;1,0015;576,7088616615629;54,56
2020-12-01;1,35;1,0135;55,60687915244569;1,06;1,0106;3,4287760887918317;0,7852;1,007852;48,951975868920435;1,46;1,0146;57,46902625863169;0,96;1,0096;117,14933053055744;0,16;1,0016;577,6315958402214;54,4
2021-01-01;0,25;1,0025;55,7458963503268;0,78;1,0078;3,455520542284408;0,8627;1,008627;49,37428456474161;0,27;1,0027;57,62419262952999;2,58;1,0258;120,17178325824582;0,15;1,0015;578,4980432339818;54,25
2021-02-01;0,86;1,0086;56,22531105893961;0,48;1,0048;3,472107040887373;0,2252;1,002252;49,4854754535814;0,82;1,0082;58,09671100909214;2,53;1,0253;123,21212937467945;0,13;1,0013;579,250090690186;54,12
2021-03-01;0,93;1,0093;56,74820645178775;0,93;1,0093;3,5043976363676257;0,7087;1,007087;49,83617901812094;0,86;1,0086;58,59634272377033;2,94;1,0294;126,83456597829503;0,2;1,002;580,4085908715664;53,92
2021-04-01;0,31;1,0031;56,9241258917883;0,6;1,006;3,5254240221858315;0,4385;1,004385;50,0547106631154;0,38;1,0038;58,81900882612066;1,51;1,0151;128,74976792456727;0,21;1,0021;581,6274489123966;53,71
2021-05-01;0,83;1,0083;57,39659613669014;0,44;1,0044;3,540935887883449;0,4109;1,004109;50,26038546923014;0,96;1,0096;59,38367131085142;4,1;1,041;134,0285084094745;0,27;1,0027;583,1978430244601;53,44
2021-06-01;0,53;1,0053;57,700798096214605;0,83;1,0083;3,5703256557528817;0,8057;1,008057;50,665333394955724;0,6;1,006;59,73997333871653;0,6;1,006;134,83267945993137;0,31;1,0031;585,005756337836;53,13
2021-07-01;0,96;1,0096;58,25472575793827;0,72;1,0072;3,596032000474303;1,0244;1,010244;51,184349070253646;1,02;1,0102;60,34932106677144;0,78;1,0078;135,88437435971883;0,36;1,0036;587,1117770606522;52,77
2021-08-01;0,87;1,0087;58,761541872032325;0,89;1,0089;3,628036685278524;1,4361;1,014361;51,91940750725156;0,88;1,0088;60,88039509215902;0,66;1,0066;136,78121123049297;0,43;1,0043;589,636357702013;52,34
2021-09-01;1,16;1,0116;59,4431757577479;1,14;1,0114;3,6693963034906996;1,1266;1,011266;52,50433155222826;1,2;1,012;61,61095983326493;-0,64;0,9936;135,90581147861784;0,44;1,0044;592,2307576759018;51,9
2021-10-01;1,25;1,0125;60,18621545471975;1,2;1,012;3,713429059132588;0,9955;1,009955;53,02701217283069;1,16;1,0116;62,325646967330805;0,64;1,0064;136,77560867208098;0,49;1,0049;595,1326883885137;51,41
2021-11-01;0,95;1,0095;60,75798450153959;1,17;1,0117;3,7568761791244394;0,7192;1,007192;53,40838244437769;0,84;1,0084;62,84918240185638;0,02;1,0002;136,8029637938154;0,59;1,0059;598,6439712500058;50,82
2021-12-01;0,73;1,0073;61,201517788400835;0,78;1,0078;3,7861798133216102;0,5728;1,005728;53,71430565901909;0,73;1,0073;63,30798143338994;0,87;1,0087;137,99314957882157;0,77;1,0077;603,2535298286309;50,05
2022-01-01;0,54;1,0054;61,5320059844582;0,58;1,0058;3,808139656238876;0,741;1,00741;54,11232866395242;0,67;1,0067;63,73214490899365;1,82;1,0182;140,50462490115612;0,73;1,0073;607,65728059638;49,32
2022-02-01;1,01;1,0101;62,15347924490123;0,99;1,0099;3,845840238835641;0,9005;1,009005;54,59961018357131;1,0;1,01;64,36946635808359;1,83;1,0183;143,07585953684728;0,76;1,0076;612,2754759289126;48,56
2022-03-01;1,62;1,0162;63,16036560866863;0,95;1,0095;3,8823757211045797;1,2821;1,012821;55,299631785734874;1,71;1,0171;65,4701842328068;1,74;1,0174;145,56537949278842;0,93;1,0093;617,9696378550515;47,63
2022-04-01;1,06;1,0106;63,82986548412051;1,73;1,0173;3,9495408210796894;1,6153;1,016153;56,19288673796986;1,04;1,0104;66,15107414882799;1,41;1,0141;147,61785134363674;0,83;1,0083;623,0987858492484;46,8
2022-05-01;0,47;1,0047;64,12986585189587;0,59;1,0059;3,9728431119240595;0,4216;1,004216;56,42979594845714;0,45;1,0045;66,4487539824977;0,52;1,0052;148,38546417062366;1,03;1,0103;629,5167033434957;45,77
2022-06-01;0,67;1,0067;64,55953595310356;0,69;1,0069;4,0002557293963354;0,2792;1,002792;56,587347938745225;0,62;1,0062;66,86073625718919;0,59;1,0059;149,26093840923033;1,02;1,0102;635,9377737175994;44,75
2022-07-01;-0,68;0,9932;64,12053110862246;0,13;1,0013;4,005456061844551;0,1595;1,001595;56,677604758707524;-0,6;0,994;66,45957183964606;0,21;1,0021;149,57438637988972;1,03;1,0103;642,4879327868906;43,72
2022-08-01;-0,36;0,9964;63,88969719663142;-0,73;0,9927;3,976216232593086;0,1176;1,001176;56,74425762190377;-0,31;0,9969;66,25354716694316;-0,7;0,993;148,5273656752305;1,17;1,0117;650,0050416004973;42,55
2022-09-01;-0,29;0,9971;63,70441707476118;-0,37;0,9963;3,9615042325324916;0,1174;1,001174;56,81087538035189;-0,32;0,9968;66,04153581600895;-0,95;0,9905;147,11635570131583;1,07;1,0107;656,9600955456226;41,48
2022-10-01;0,59;1,0059;64,08027313550227;0,16;1,0016;3,9678426393045436;0,4525;1,004525;57,067944591447976;0,47;1,0047;66,35193103434418;-0,97;0,9903;145,68932705101307;1,02;1,0102;663,661088520188;40,46
2022-11-01;0,41;1,0041;64,34300225535783;0,53;1,0053;3,988872205292858;0,473;1,00473;57,33787596936552;0,38;1,0038;66,60406837227468;-0,56;0,9944;144,87346681952738;1,02;1,0102;670,4304316230939;39,44
2022-12-01;0,62;1,0062;64,74192886934105;0,52;1,0052;4,009614340760381;0,5356;1,005356;57,64497763305744;0,69;1,0069;67,06363644404337;0,45;1,0045;145,52539742021526;1,12;1,0112;677,9392524572726;38,32
2023-01-01;0,53;1,0053;65,08506109234857;0,55;1,0055;4,0316672196345635;0,626;1,00626;58,00583519304037;0,46;1,0046;67,37212917168597;0,21;1,0021;145,8310007547977;1,12;1,0112;685,5321720847941;37,2
2023-02-01;0,84;1,0084;65,6317756055243;0,76;1,0076;4,062307890503787;0,4308;1,004308;58,25572433105199;0,77;1,0077;67,89089456630795;-0,06;0,9994;145,74350215434484;0,92;1,0092;691,8390680679743;36,28
2023-03-01;0,71;1,0071;66,09776121232353;0,69;1,0069;4,0903378149482625;0,3864;1,003864;58,48082444986718;0,64;1,0064;68,32539629153231;0,05;1,0005;145,816373905422;1,17;1,0117;699,9335851643696;35,11
2023-04-01;0,61;1,0061;66,50095755571871;0,57;1,0057;4,1136527404934675;0,4313;1,004313;58,733052245719456;0,53;1,0053;68,68752089187744;-0,95;0,9905;144,4311183533205;0,92;1,0092;706,3729741478818;34,19
2023-05-01;0,23;1,0023;66,65390975809686;0,51;1,0051;4,134632369469984;0,2005;1,002005;58,85081201547212;0,36;1,0036;68,9347959670882;-1,84;0,9816;141,7735857756194;1,12;1,0112;714,2843514583382;33,07
2023-06-01;-0,08;0,9992;66,60058663029038;0,04;1,0004;4,136286222417772;-0,0345;0,999655;58,83050848532678;-0,1;0,999;68,86586117112113;-1,93;0,9807;139,03735557014997;1,07;1,0107;721,9271940189424;32,0
2023-07-01;0,12;1,0012;66,68050733424674;-0,07;0,9993;4,13339082206208;-0,1371;0,998629;58,749851858193395;-0,09;0,9991;68,80388189606711;-0,72;0,9928;138,0362866100449;1,07;1,0107;729,651814994945;30,93
2023-08-01;0,23;1,0023;66,83387250111551;0,28;1,0028;4,144964316363853;-0,1988;0,998012;58,63305715269931;0,2;1,002;68,94148965985924;-0,14;0,9986;137,84303580879083;1,14;1,0114;737,9698456858874;29,79
2023-09-01;0,26;1,0026;67,0076405696184;0,35;1,0035;4,1594716914711265;0,2904;1,002904;58,80332755067075;0,11;1,0011;69,01732529848509;0,37;1,0037;138,35305504128337;0,97;1,0097;745,1281531890405;28,82
2023-10-01;0,24;1,0024;67,16845890698548;0,21;1,0021;4,168206582023216;0,2982;1,002982;58,978679073426854;0,12;1,0012;69,10014608884327;0,5;1,005;139,04482031648976;1,0;1,01;752,579434720931;27,82
2023-11-01;0,28;1,0028;67,35653059192504;0,33;1,0033;4,181961663743893;0,4338;1,004338;59,234528583247375;0,1;1,001;69,1692462349321;0,59;1,0059;139,86518475635705;0,92;1,0092;759,5031655203636;26,9
2023-12-01;0,56;1,0056;67,73372716323982;0,4;1,004;4,198689510398869;0,3825;1,003825;59,4611006550783;0,55;1,0055;69,54967708922423;0,74;1,0074;140,9001871235541;0,89;1,0089;766,2627436934948;26,01
2024-01-01;0,42;1,0042;68,01820881732543;0,31;1,0031;4,211705447881106;0,4555;1,004555;59,73194596856219;0,57;1,0057;69,94611024863282;0,07;1,0007;140,99881725454057;0,97;1,0097;773,6954923073217;25,04
2024-02-01;0,83;1,0083;68,58275995050923;0,78;1,0078;4,244556750374579;0,4579;1,004579;60,00545854915224;0,81;1,0081;70,51267374164675;-0,52;0,9948;140,26562340481695;0,8;1,008;779,8850562457803;24,24
2024-03-01;0,16;1,0016;68,69249236643005;0,36;1,0036;4,259837154675927;0,2602;1,002602;60,16159275229713;0,19;1,0019;70,64664782175588;-0,47;0,9953;139,60637497481432;0,83;1,0083;786,3581022126203;23,41
2024-04-01;0,38;1,0038;68,95352383742248;0,21;1,0021;4,2687828127007466;0,3305;1,003305;60,36042681634347;0,37;1,0037;70,90804041869637;0,31;1,0031;140,03915473723626;0,89;1,0089;793,3566893223126;22,52
2024-05-01;0,46;1,0046;69,27071004707462;0,44;1,0044;4,28756545707663;0,0934;1,000934;60,41680345498993;0,46;1,0046;71,23421740462237;0,89;1,0089;141,28550321439764;0,83;1,0083;799,9415498436878;21,69
2024-06-01;0,21;1,0021;69,41617853817347;0,39;1,0039;4,304286962359229;0,2621;1,002621;60,57515589684546;0,25;1,0025;71,41230294813393;0,81;1,0081;142,42991579043425;0,79;1,0079;806,2610880874529;20,9
2024-07-01;0,38;1,0038;69,67996001661852;0,3;1,003;4,317199823246306;0,0573;1,000573;60,609865461174344;0,26;1,0026;71,59797493579907;0,61;1,0061;143,2987382767559;0,91;1,0091;813,5980639890488;19,99
2024-08-01;-0,02;0,9998;69,6660240246152;0,19;1,0019;4,325402502910475;0,1839;1,001839;60,72132700375744;-0,14;0,9986;71,49773777088896;0,29;1,0029;143,71430461775847;0,87;1,0087;820,6763671457535;19,12
2024-09-01;0,44;1,0044;69,9725545303235;0,13;1,0013;4,331025526164258;0,1797;1,001797;60,830443228383196;0,48;1,0048;71,84092691218922;0,62;1,0062;144,60533330638856;0,84;1,0084;827,5700486297778;18,28
2024-10-01;0,56;1,0056;70,36440083569332;0,54;1,0054;4,354413064005546;0,8026;1,008026;61,318668365734204;0,61;1,0061;72,27915656635358;1,52;1,0152;146,80333437264568;0,93;1,0093;835,2664500820348;17,35
2024-11-01;0,39;1,0039;70,63882199895252;0,62;1,0062;4,38141042500238;1,1734;1,011734;62,038181620337724;0,33;1,0033;72,51767778302255;1,3;1,013;148,71177771949007;0,79;1,0079;841,8650550376829;16,56
2024-12-01;0,52;1,0052;71,00614387334709;0,34;1,0034;4,3963072204473885;0,3361;1,003361;62,246691948763676;0,48;1,0048;72,86576263638105;0,94;1,0094;150,1096684300533;0,93;1,0093;849,6944000495333;15,63
2025-01-01;0,16;1,0016;71,11975370354445;0,11;1,0011;4,401143158389881;0,2429;1,002429;62,39788916350722;0,0;1,0;72,86576263638105;0,27;1,0027;150,51496453481442;1,01;1,0101;858,2763134900337;14,62
2025-02-01;1,31;1,0131000000000001;72,05142247706088;1,23;1,0123;4,455277219238076;0,5082;1,005082;62,71499523623617;1,48;1,0148;73,94417592339948;1,06;1,0106;152,11042315888344;0,99;1,0099;866,773248993585;13,63
2025-03-01;0,56;1,0056;72,45491044293243;0,64;1,0064;4,4837909934411995;0,6166;1,006166;63,10169589686279;0,51;1,0051;74,32129122060883;-0,34;0,9966;151,59324772014324;0,96;1,0096;875,0942721839234;12,67
2025-04-01;0,43;1,0043;72,76646655783703;0,43;1,0043;4,5030712947129965;0,4504;1,004504;63,385905935182265;0,48;1,0048;74,67803341846775;0,24;1,0024;151,95707151467158;1,06;1,0106;884,3702714690729;11,61
2025-05-01;0,26;1,0026;72,9556593708874;0,36;1,0036;4,519282351373963;0,268;1,00268;63,555780163088556;0,35;1,0035;74,9394065354324;-0,49;0,9951;151,2124818642497;1,14;1,0114;894,4520925638204;10,47
2025-06-01;0,24;1,0024;73,13075295337752;0,26;1,0026;4,531032485487535;-0,0791;0,999209;63,50550754097956;0,23;1,0023;75,11176717046389;-1,67;0,9833;148,68723341711672;1,1;1,011;904,2910655820224;9,37
2025-07-01;0,26;1,0026;73,3208929110563;0,33;1,0033;4,545984892689645;0,2832;1,002832;63,68535513833561;0,21;1,0021;75,26950188152186;-0,77;0,9923;147,5423417198049;1,28;1,0128;915,8659912214722;8,09
2025-08-01;-0,11;0,9989;73,24023992885414;-0,14;0,9986;4,539620513839879;0,0376;1,000376;63,709300831867615;-0,21;0,9979;75,11143592757067;0,36;1,0036;148,0734941499962;1,16;1,0116;926,4900367196414;6,93
2025-09-01;0,48;1,0048;73,59179308051263;0,48;1,0048;4,5614106923063105;0,6509;1,006509;64,12398467098225;0,52;1,0052;75,50201539439404;0,42;1,0042;148,69540282542619;1,22;1,0122;937,7932151676209;5,71
2025-10-01;0,09;1,0009;73,65802569428509;0,18;1,0018;4,569621231552462;0,2746;1,002746;64,30006913288877;0,03;1,0003;75,52466599901236;-0,36;0,9964;148,16009937525465;1,28;1,0128;949,7969683217664;4,43
2025-11-01;0,18;1,0018;73,7906101405348;0,2;1,002;4,578760474015567;0,2002;1,002002;64,42879787129282;0,03;1,0003;75,54732339881205;0,27;1,0027;148,56013164356781;1,05;1,0105;959,7698364891448;3,38
2025-12-01;0,33;1,0033;74,03411915399856;0,25;1,0025;4,590207375200606;0,3177;1,003177;64,63348816212991;0,21;1,0021;75,70597277794955;-0,01;0,9999;148,54527563040347;1,22;1,0122;971,4790284943124;2,16
2026-01-01;0,33;1,0033;74,27843174720677;0,2;1,002;4,599387789951007;0,2113;1,002113;64,7700587226165;0,39;1,0039;76,00122607178356;0,41;1,0041;149,15431126048813;1,16;1,0116;982,7481852248465;1,0
2026-02-01;;;;;;;;;;;;;;;;0,72;1,0072;989,8239721584655;0,0
